ORGANISME,CODE_QUALIFICATION,LIBELLE_QUALIFICATION,DOMAINE_TRAVAUX,NOMBRE_SIRET
,2111D8,Maçonnerie et ouvrages en béton armé,Isolation des murs et planchers bas 2020,0
,2112D8,Maçonnerie et ouvrages en béton armé,Isolation des murs et planchers bas 2020,0
,2113D8,Maçonnerie et ouvrages en béton armé,Isolation des murs et planchers bas 2020,0
,2114D8,Maçonnerie (technicité exceptionnelle) et béton armé courant,Isolation des murs et planchers bas 2020,0
,2121D8,Ravalement en maçonnerie,Isolation des murs et planchers bas 2020,0
,2132D8,Enduits aux liants hydrauliques,Isolation des murs et planchers bas 2020,0
,2141D8,Transformation en maçonnerie,Isolation des murs et planchers bas 2020,0
,2142D8,Réparation en maçonnerie et en béton armé,Isolation des murs et planchers bas 2020,0
,2151D8,Dallage courant,Isolation des murs et planchers bas 2020,0
,2162D8,Chapes,Isolation des murs et planchers bas 2020,0
,2163D8,Dallages et dalles béton ciré ou assimilé,Isolation des murs et planchers bas 2020,0
,2211D8,Béton armé et béton précontraint,Isolation des murs et planchers bas 2020,0
,2212D8,Béton armé et béton précontraint,Isolation des murs et planchers bas 2020,0
,2213D8,Béton armé et béton précontraint,Isolation des murs et planchers bas 2020,0
,2214D8,Béton armé et béton précontraint,Isolation des murs et planchers bas 2020,0
,2301D6,"Fourniture et pose de charpente traditionnelle, en bois lamellé collé et structure en bois","Fenêtres, volets, portes extérieures 2020",0
,2302D6,"Fourniture et pose de charpente traditionnelle, en bois lamellé collé et structure en bois","Fenêtres, volets, portes extérieures 2020",0
,2302D7,"Fourniture et pose de charpente traditionnelle, en bois lamellé collé et structure en bois",Isolation du toit 2020,0
,2302D8,"Fourniture et pose de charpente traditionnelle, en bois lamellé collé et structure en bois",Isolation des murs et planchers bas 2020,0
,2303D6,"Fourniture et pose de charpente traditionnelle, en bois lamellé collé et structure en bois","Fenêtres, volets, portes extérieures 2020",0
,2303D7,"Fourniture et pose de charpente traditionnelle, en bois lamellé collé et structure en bois",Isolation du toit 2020,0
,2303D8,"Fourniture et pose de charpente traditionnelle, en bois lamellé collé et structure en bois",Isolation des murs et planchers bas 2020,0
,2311D6,Fourniture et pose de charpente traditionnelle,"Fenêtres, volets, portes extérieures 2020",0
,2311D7,Fourniture et pose de charpente traditionnelle,Isolation du toit 2020,0
,2311D8,Fourniture et pose de charpente traditionnelle,Isolation des murs et planchers bas 2020,0
,2313D6,Fabrication et pose de charpente traditionnelle et structure en bois,"Fenêtres, volets, portes extérieures 2020",0
,2313D7,Fabrication et pose de charpente traditionnelle et structure en bois,Isolation du toit 2020,0
,2313D8,Fabrication et pose de charpente traditionnelle et structure en bois,Isolation des murs et planchers bas 2020,0
,2314D7,Fabrication et pose de charpente traditionnelle et structure en bois,Isolation du toit 2020,0
,2314D8,Fabrication et pose de charpente traditionnelle et structure en bois,Isolation des murs et planchers bas 2020,0
,2321D6,Ouvrages en poutres composites,"Fenêtres, volets, portes extérieures 2020",0
,2321D7,Ouvrages en poutres composites,Isolation du toit 2020,0
,2321D8,Ouvrages en poutres composites,Isolation des murs et planchers bas 2020,0
,2322D6,Ouvrages en poutres ou portiques composites,"Fenêtres, volets, portes extérieures 2020",0
,2322D7,Ouvrages en poutres ou portiques composites,Isolation du toit 2020,0
,2322D8,Ouvrages en poutres ou portiques composites,Isolation des murs et planchers bas 2020,0
,2323D6,Fabrication et pose de charpente traditionnelle,"Fenêtres, volets, portes extérieures 2020",0
,2323D7,Fabrication et pose de charpente traditionnelle,Isolation du toit 2020,0
,2323D8,Fabrication et pose de charpente traditionnelle,Isolation des murs et planchers bas 2020,0
,2324D7,Fabrication et pose de charpente traditionnelle,Isolation du toit 2020,0
,2324D8,Fabrication et pose de charpente traditionnelle,Isolation des murs et planchers bas 2020,0
,2332D6,Fourniture et pose de charpentes en bois lamellé-collé,"Fenêtres, volets, portes extérieures 2020",0
,2332D7,Fourniture et pose de charpentes en bois lamellé-collé,Isolation du toit 2020,0
,2332D8,Fourniture et pose de charpentes en bois lamellé-collé,Isolation des murs et planchers bas 2020,0
,2351D6,Fourniture et pose de bâtiments à ossature bois,"Fenêtres, volets, portes extérieures 2020",0
,2351D7,Fourniture et pose de bâtiments à ossature bois,Isolation du toit 2020,0
,2351D8,Fourniture et pose de bâtiments à ossature bois,Isolation des murs et planchers bas 2020,0
,2352D6,Fourniture et pose de bâtiments à ossature bois,"Fenêtres, volets, portes extérieures 2020",0
,2352D7,Fourniture et pose de bâtiments à ossature bois,Isolation du toit 2020,0
,2352D8,Fourniture et pose de bâtiments à ossature bois,Isolation des murs et planchers bas 2020,0
,2361D6,Fabrication et pose de bâtiments à ossature bois,"Fenêtres, volets, portes extérieures 2020",0
,2361D7,Fabrication et pose de bâtiments à ossature bois,Isolation du toit 2020,0
,2361D8,Fabrication et pose de bâtiments à ossature bois,Isolation des murs et planchers bas 2020,0
,2362D6,Fabrication et pose de bâtiments à ossature bois,"Fenêtres, volets, portes extérieures 2020",0
,2362D7,Fabrication et pose de bâtiments à ossature bois,Isolation du toit 2020,0
,2362D8,Fabrication et pose de bâtiments à ossature bois,Isolation des murs et planchers bas 2020,0
,2363D7,Fabrication et pose de bâtiments à ossature bois,Isolation du toit 2020,0
,2363D8,Fabrication et pose de bâtiments à ossature bois,Isolation des murs et planchers bas 2020,0
,2371D6,Charpente et structures industrialisées en bois,"Fenêtres, volets, portes extérieures 2020",0
,2371D7,Charpente et structures industrialisées en bois,Isolation du toit 2020,0
,2371D8,Charpente et structures industrialisées en bois,Isolation des murs et planchers bas 2020,0
,2372D6,Charpente et structures industrialisées en bois,"Fenêtres, volets, portes extérieures 2020",0
,2372D7,Charpente et structures industrialisées en bois,Isolation du toit 2020,0
,2372D8,Charpente et structures industrialisées en bois,Isolation des murs et planchers bas 2020,0
,2381D6,Fourniture et pose de bâtiments en panneaux bois massifs croisés,"Fenêtres, volets, portes extérieures 2020",0
,2381D7,Fourniture et pose de bâtiments en panneaux bois massifs croisés,Isolation du toit 2020,0
,2381D8,Fourniture et pose de bâtiments en panneaux bois massifs croisés,Isolation des murs et planchers bas 2020,0
,2382D7,Fourniture et pose de bâtiments en panneaux bois massifs croisés,Isolation du toit 2020,0
,2382D8,Fourniture et pose de bâtiments en panneaux bois massifs croisés,Isolation des murs et planchers bas 2020,0
,3111D6,Tuiles canal,"Fenêtres, volets, portes extérieures 2020",0
,3111D8,Tuiles canal,Isolation des murs et planchers bas 2020,0
,3113D6,Tuiles canal,"Fenêtres, volets, portes extérieures 2020",0
,3113D7,Tuiles canal,Isolation du toit 2020,0
,3113D8,Tuiles canal,Isolation des murs et planchers bas 2020,0
,3121D8,Tuiles plates,Isolation des murs et planchers bas 2020,0
,3122D6,Tuiles plates,"Fenêtres, volets, portes extérieures 2020",0
,3122D7,Tuiles plates,Isolation du toit 2020,0
,3122D8,Tuiles plates,Isolation des murs et planchers bas 2020,0
,3123D6,Tuiles plates,"Fenêtres, volets, portes extérieures 2020",0
,3123D7,Tuiles plates,Isolation du toit 2020,0
,3123D8,Tuiles plates,Isolation des murs et planchers bas 2020,0
,3131D6,Bardeaux bitumés,"Fenêtres, volets, portes extérieures 2020",0
,3131D7,Bardeaux bitumés,Isolation du toit 2020,0
,3131D8,Bardeaux bitumés,Isolation des murs et planchers bas 2020,0
,3132D8,Ardoises,Isolation des murs et planchers bas 2020,0
,3133D6,Ardoises,"Fenêtres, volets, portes extérieures 2020",0
,3133D7,Ardoises,Isolation du toit 2020,0
,3133D8,Ardoises,Isolation des murs et planchers bas 2020,0
,3142D6,Ardoises de schiste ou fibre ciment,"Fenêtres, volets, portes extérieures 2020",0
,3142D7,Ardoises de schiste ou fibre ciment,Isolation du toit 2020,0
,3142D8,Ardoises de schiste ou fibre ciment,Isolation des murs et planchers bas 2020,0
,3143D6,Fenêtres de toit en pente,"Fenêtres, volets, portes extérieures 2020",0
,3143D7,Fenêtres de toit en pente,Isolation du toit 2020,0
,3143D8,Ardoises de schiste ou fibre ciment,Isolation des murs et planchers bas 2020,0
,3152D6,Couverture en métaux sauf plomb,"Fenêtres, volets, portes extérieures 2020",0
,3152D7,Couverture en métaux sauf plomb,Isolation du toit 2020,0
,3152D8,Couverture en métaux sauf plomb,Isolation des murs et planchers bas 2020,0
,3153D6,Couverture en métaux sauf plomb,"Fenêtres, volets, portes extérieures 2020",0
,3153D7,Couverture en métaux sauf plomb,Isolation du toit 2020,0
,3153D8,Couverture en métaux sauf plomb,Isolation des murs et planchers bas 2020,0
,3154D6,Fenêtres de toit en pente,"Fenêtres, volets, portes extérieures 2020",0
,3162D6,Couverture en plomb,"Fenêtres, volets, portes extérieures 2020",0
,3162D7,Couverture en plomb,Isolation du toit 2020,0
,3162D8,Couverture en plomb,Isolation des murs et planchers bas 2020,0
,3163D6,Couverture en plomb,"Fenêtres, volets, portes extérieures 2020",0
,3163D7,Couverture en plomb,Isolation du toit 2020,0
,3163D8,Couverture en plomb,Isolation des murs et planchers bas 2020,0
,3171D6,Couverture en bardeaux bitumés,"Fenêtres, volets, portes extérieures 2020",0
,3171D7,Couverture en bardeaux bitumés,Isolation du toit 2020,0
,3171D8,Couverture en bardeaux bitumés,Isolation des murs et planchers bas 2020,0
,3172D6,Couverture en matériaux régionaux,"Fenêtres, volets, portes extérieures 2020",0
,3172D7,Couverture en matériaux régionaux,Isolation du toit 2020,0
,3172D8,Couverture en matériaux régionaux,Isolation des murs et planchers bas 2020,0
,3173D6,Couverture en matériaux régionaux,"Fenêtres, volets, portes extérieures 2020",0
,3173D7,Couverture en matériaux régionaux,Isolation du toit 2020,0
,3173D8,Couverture en matériaux régionaux,Isolation des murs et planchers bas 2020,0
,3181D8,Couverture en plaques nervurées ou ondulées,Isolation des murs et planchers bas 2020,0
,3183D6,Couverture en plaques nervurées ou ondulées,"Fenêtres, volets, portes extérieures 2020",0
,3183D7,Couverture en plaques nervurées ou ondulées,Isolation du toit 2020,0
,3183D8,Couverture en plaques nervurées ou ondulées,Isolation des murs et planchers bas 2020,0
,3211D7,Étanchéité en matériaux bitumineux en feuilles,Isolation du toit 2020,0
,3212D7,Étanchéité en matériaux bitumineux en feuilles,Isolation du toit 2020,0
,3213D7,Étanchéité en matériaux bitumineux en feuilles,Isolation du toit 2020,0
,3214D7,Étanchéité en matériaux bitumineux en feuilles,Isolation du toit 2020,0
,3221D7,Étanchéité en matériaux de synthèse en feuilles,Isolation du toit 2020,0
,3222D7,Étanchéité en matériaux de synthèse en feuilles,Isolation du toit 2020,0
,3223D7,Étanchéité en matériaux de synthèse en feuilles,Isolation du toit 2020,0
,3233D7,Étanchéité en asphaltes coulés,Isolation du toit 2020,0
,3234D7,Étanchéité en asphaltes coulés,Isolation du toit 2020,0
,3271D7,Tôle d'acier nervurée (tan) avec étanchéité en membrane en feuilles,Isolation du toit 2020,0
,3272D7,Tôle d'acier nervurée (tan) avec étanchéité en membrane en feuilles,Isolation du toit 2020,0
,3281D7,Supports bois et dérivés avec étanchéité,Isolation du toit 2020,0
,3411D8,Calfeutrement de joints de construction,Isolation des murs et planchers bas 2020,0
,3412D8,Calfeutrement de joints de construction,Isolation des murs et planchers bas 2020,0
,3413D8,Calfeutrement de joints de construction,Isolation des murs et planchers bas 2020,0
,3421D8,Imperméabilité des façades,Isolation des murs et planchers bas 2020,0
,3422D8,Imperméabilité des façades,Isolation des murs et planchers bas 2020,0
,3423D8,Imperméabilité des façades,Isolation des murs et planchers bas 2020,0
,3424D8,Imperméabilité des façades,Isolation des murs et planchers bas 2020,0
,3431D8,Étanchéité des façades - Classe I4,Isolation des murs et planchers bas 2020,0
,3432D8,Étanchéité des façades - Classe I4,Isolation des murs et planchers bas 2020,0
,3433D8,Étanchéité des façades - Classe I4,Isolation des murs et planchers bas 2020,0
,3511D6,"Fourniture et pose de menuiseries extérieures en maison individuelle, petit collectif et petit tertiaire","Fenêtres, volets, portes extérieures 2020",0
,3511D8,"Fourniture et pose de menuiseries extérieures en maison individuelle, petit collectif et petit tertiaire",,0
,3512D6,Fourniture et pose de menuiseries extérieures dans tout type de bâtiment,"Fenêtres, volets, portes extérieures 2020",0
,3521D6,Fabrication et pose de menuiseries extérieures en aluminium,"Fenêtres, volets, portes extérieures 2020",0
,3522D6,Fabrication et pose de menuiseries extérieures en aluminium,"Fenêtres, volets, portes extérieures 2020",0
,3523D6,Fabrication et pose de menuiseries extérieures en aluminium,"Fenêtres, volets, portes extérieures 2020",0
,3531D6,Fabrication et pose de menuiseries extérieures en acier,"Fenêtres, volets, portes extérieures 2020",0
,3532D6,Fabrication et pose de menuiseries extérieures en acier,"Fenêtres, volets, portes extérieures 2020",0
,3533D6,Fabrication et pose de menuiseries extérieures en acier,"Fenêtres, volets, portes extérieures 2020",0
,3541D6,Fabrication et pose de menuiseries extérieures en PVC,"Fenêtres, volets, portes extérieures 2020",0
,3542D6,Fabrication et pose de menuiseries extérieures en PVC,"Fenêtres, volets, portes extérieures 2020",0
,3551D6,Fabrication et pose de menuiseries extérieures en bois,"Fenêtres, volets, portes extérieures 2020",0
,3552D6,Fabrication et pose de menuiseries extérieures en bois,"Fenêtres, volets, portes extérieures 2020",0
,3553D6,Fabrication et pose de menuiseries extérieures en bois,"Fenêtres, volets, portes extérieures 2020",0
,3712D6,Fourniture et pose de façades-rideaux métalliques,"Fenêtres, volets, portes extérieures 2020",0
,3721D6,Fabrication et pose de façades-rideaux métalliques,"Fenêtres, volets, portes extérieures 2020",0
,3722D6,Fabrication et pose de façades-rideaux métalliques,"Fenêtres, volets, portes extérieures 2020",0
,3723D6,Fabrication et pose de façades-rideaux métalliques,"Fenêtres, volets, portes extérieures 2020",0
,3811D8,Parois en bardages simples,Isolation des murs et planchers bas 2020,0
,3813D8,Parois en bardages complexes,Isolation des murs et planchers bas 2020,0
,4,QualiPAC - Pose de pompe à chaleur (PAC aérothermique et PAC géothermique),Pompe à chaleur et/ou Chauffe-eau thermodynamique 2020,0
,40MEE,"Equipements électriques hors ENR : chauffage, eau chaude, éclairage","Equipements électriques hors ENR : chauffage, eau chaude, éclairage 2020",0
,40MEEE,"Equipements électriques hors ENR : chauffage, eau chaude, éclairage","Equipements électriques hors ENR : chauffage, eau chaude, éclairage 2020",0
,40MEEev,"Equipements électriques hors ENR : chauffage, eau chaude, éclairage et Ventilation","Equipements électriques hors ENR : chauffage, eau chaude, éclairage 2020",0
,40MEEv,Ventilation,Ventilation 2020,0
,40PMEE,Mention Probatoire Economie d'Energie  (RGE),"Equipements électriques hors ENR : chauffage, eau chaude, éclairage 2020",0
,40PSPV,Probatoire mention SPV (RGE),Panneaux photovoltaïques 2020,0
,40SPV,Panneaux Photovoltaïques,Panneaux photovoltaïques 2020,0
,4111D7,Plâtrerie,Isolation du toit 2020,0
,4111D8,Plâtrerie,Isolation des murs et planchers bas 2020,0
,4112D7,Plâtrerie,Isolation du toit 2020,0
,4112D8,Plâtrerie,Isolation des murs et planchers bas 2020,0
,4113D7,Plâtrerie,Isolation du toit 2020,0
,4113D8,Plâtrerie,Isolation des murs et planchers bas 2020,0
,4122D8,Plâtrerie en extérieurs,Isolation des murs et planchers bas 2020,0
,4131D7,Plaques de plâtre,Isolation du toit 2020,0
,4132D7,Plaques de plâtre,Isolation du toit 2020,0
,4132D8,Plaques de plâtre,Isolation des murs et planchers bas 2020,0
,4133D7,Plaques de plâtre,Isolation du toit 2020,0
,4133D8,Plaques de plâtre,Isolation des murs et planchers bas 2020,0
,41CHMEE,Chauffage Mention Economie d'Energie,"Equipements électriques hors ENR : chauffage, eau chaude, éclairage 2020",0
,41MEE,Chauffage Ventillation Cliamtisation Mention Economie d'Energie,Pompe à chaleur et/ou Chauffe-eau thermodynamique 2020,0
,41PACMEE,Pompe à chaleur,Pompe à chaleur et/ou Chauffe-eau thermodynamique 2020,0
,41PMEE,Mention Probatoire Economie d'Energie  (RGE),Pompe à chaleur et/ou Chauffe-eau thermodynamique 2020,0
,41VMMEE,Ventilation,Ventilation 2020,0
,42MIE,"Radiateurs électriques, dont régulation","Radiateurs électriques, dont régulation.",0
,4311D6,Fourniture et pose de menuiserie en bois,"Fenêtres, volets, portes extérieures 2020",0
,4312D6,Fourniture et pose de menuiserie intérieure en bois,"Fenêtres, volets, portes extérieures 2020",0
,4312D8,Fourniture et pose de menuiserie intérieure en bois,,0
,4321D6,Fabrication et pose de menuiserie en bois,"Fenêtres, volets, portes extérieures 2020",0
,4322D6,Fabrication et pose de menuiserie intérieure en bois,"Fenêtres, volets, portes extérieures 2020",0
,4322D8,Fabrication et pose de menuiserie intérieure en bois,,0
,4323D6,Fabrication et pose de menuiserie intérieure en bois,"Fenêtres, volets, portes extérieures 2020",0
,4323D8,Fabrication et pose de menuiserie intérieure en bois,,0
,4341D8,Parquets flottants,Isolation des murs et planchers bas 2020,0
,4342D8,Parquets collés,Isolation des murs et planchers bas 2020,0
,4343D8,Parquets traditionnels,Isolation des murs et planchers bas 2020,0
,4344D8,Parquetage,Isolation des murs et planchers bas 2020,0
,43RGESPV,Panneaux Photovoltaïque,Panneaux photovoltaïques 2020,0
,4411D6,Serrurerie-métallerie,"Fenêtres, volets, portes extérieures 2020",0
,4411D8,Serrurerie-métallerie,Isolation des murs et planchers bas 2020,0
,4412D6,Métallerie,"Fenêtres, volets, portes extérieures 2020",0
,4412D8,Métallerie,Isolation des murs et planchers bas 2020,0
,4413D6,Métallerie,"Fenêtres, volets, portes extérieures 2020",0
,4413D8,Métallerie,Isolation des murs et planchers bas 2020,0
,44LCPTRGEev,"Equipements électriques hors ENR : chauffage, eau chaude, éclairage et Ventilation","Equipements électriques hors ENR : chauffage, eau chaude, éclairage 2020",0
,4511D6,"Fourniture et pose volets, stores, portails, rideaux, grilles, portes de garage et portes sectionnelles - résidentiel et tertiaire","Fenêtres, volets, portes extérieures 2020",0
,4512D6,"Fourniture et pose volets, stores, portails, rideaux, grilles, portes de garage et portes sectionnelles - collectif - tertiaire et industriel","Fenêtres, volets, portes extérieures 2020",0
,4513D6,"Fabrication et pose de persiennes, volets battants et coulissants, portes coulissantes et pliantes, jalousies","Fenêtres, volets, portes extérieures 2020",0
,4522D6,"Fabrication et pose de persiennes, volets roulants, battants et coulissants, jalousies, brise-soleils orientables - résidentiel et tertiaire","Fenêtres, volets, portes extérieures 2020",0
,4523D6,Fabrication et pose de volets roulants,"Fenêtres, volets, portes extérieures 2020",0
,4532D6,"Fabrication et pose de stores - collectif, résidentiel, tertiaire et industriel","Fenêtres, volets, portes extérieures 2020",0
,4533D6,Fabrication et pose de protections solaires,"Fenêtres, volets, portes extérieures 2020",0
,4571D6,Fourniture et pose de protections mobiles - résidentiel et tertiaire,"Fenêtres, volets, portes extérieures 2020",0
,4572D6,Fourniture et pose de protections mobiles - résidentiel et tertiaire,"Fenêtres, volets, portes extérieures 2020",0
,4581D6,Fourniture et pose de protections mobiles - industrie et tertiaire,"Fenêtres, volets, portes extérieures 2020",0
,4582D6,Fourniture et pose de protections mobiles - industrie et tertiaire,"Fenêtres, volets, portes extérieures 2020",0
,45MGTIRGEev,"Equipements électriques hors ENR : chauffage, eau chaude, éclairage et Ventilation","Equipements électriques hors ENR : chauffage, eau chaude, éclairage 2020",0
,46RGECHE,Chauffage,"Equipements électriques hors ENR : chauffage, eau chaude, éclairage 2020",0
,4711D6,Produits verriers,"Fenêtres, volets, portes extérieures 2020",0
,4712D6,Produits verriers,"Fenêtres, volets, portes extérieures 2020",0
,4713D6,Produits verriers,"Fenêtres, volets, portes extérieures 2020",0
,48RGEPAC,Pompe à chaleur,Pompe à chaleur et/ou Chauffe-eau thermodynamique 2020,0
,49RGECET,Pompe à chaleur,Pompe à chaleur et/ou Chauffe-eau thermodynamique 2020,0
,5111D10,Plomberie - sanitaire,"Equipements électriques hors ENR : chauffage, eau chaude, éclairage 2020",0
,5111D5,"Installation de plomberie sanitaire en habitat individuel, collectif et tertiaire inférieur à 1000 m²",Chaudière condensation ou micro-cogénération gaz ou fioul 2020,0
,5111D9,"Installation de plomberie sanitaire en habitat individuel, collectif et tertiaire inférieur à 1000 m²","Equipements électriques hors ENR : chauffage, eau chaude, éclairage 2020",0
,5112D5,Installation de plomberie sanitaire pour des bâtiments sans surpresseur supérieurs à 1000 m²,Chaudière condensation ou micro-cogénération gaz ou fioul 2020,0
,5112D9,Installation de plomberie sanitaire pour des bâtiments sans surpresseur supérieurs à 1000 m²,"Equipements électriques hors ENR : chauffage, eau chaude, éclairage 2020",0
,5113D5,Installation de plomberie sanitaire dans tout type de bâtiment avec surpresseur ou dans l'industrie,Chaudière condensation ou micro-cogénération gaz ou fioul 2020,0
,5113D9,Installation de plomberie sanitaire dans tout type de bâtiment avec surpresseur ou dans l'industrie,"Equipements électriques hors ENR : chauffage, eau chaude, éclairage 2020",0
,5114D5,Plomberie et fluides spéciaux,Chaudière condensation ou micro-cogénération gaz ou fioul 2020,0
,5114D9,Plomberie et fluides spéciaux,"Equipements électriques hors ENR : chauffage, eau chaude, éclairage 2020",0
,5121D5,Installation de réseaux de fluides spéciaux,Chaudière condensation ou micro-cogénération gaz ou fioul 2020,0
,5121D9,Installation de réseaux de fluides spéciaux,"Equipements électriques hors ENR : chauffage, eau chaude, éclairage 2020",0
,5131D2,"Installation de chauffe-eau solaire en habitat individuel, collectif et tertiaire inférieur à 1000 m²",Chauffage et/ou eau chaude solaire 2020,0
,5132D2,Installation de chauffe-eau solaire dans tout type de bâtiment supérieur à 1000 m²,Chauffage et/ou eau chaude solaire 2020,0
,5133D3,Installation de chauffe-eau thermodynamique,Pompe à chaleur et/ou Chauffe-eau thermodynamique 2020,0
,5211D10,Remplacement de chaudière gaz/fuel en logement individuel,Ventilation 2020,0
,5211D5,Remplacement de chaudière gaz/fuel en logement individuel,Chaudière condensation ou micro-cogénération gaz ou fioul 2020,0
,5211D9,Remplacement de chaudière gaz/fuel en logement individuel,"Equipements électriques hors ENR : chauffage, eau chaude, éclairage 2020",0
,5212D10,"Installation de chauffage avec chaudière gaz/fuel en habitat individuel, collectif et tertiaire inférieur à 1000 m2",Ventilation 2020,0
,5212D5,"Installation de chauffage avec chaudière gaz/fuel en habitat individuel, collectif et tertiaire inférieur à 1000 m2",Chaudière condensation ou micro-cogénération gaz ou fioul 2020,0
,5212D9,"Installation de chauffage avec chaudière gaz/fuel en habitat individuel, collectif et tertiaire inférieur à 1000 m2","Equipements électriques hors ENR : chauffage, eau chaude, éclairage 2020",0
,5213D10,"Installation de chauffage avec chaudière gaz/fuel en habitat individuel, collectif et tertiaire supérieur à 1000 m2",Ventilation 2020,0
,5213D5,"Installation de chauffage avec chaudière gaz/fuel en habitat individuel, collectif et tertiaire supérieur à 1000 m2",Chaudière condensation ou micro-cogénération gaz ou fioul 2020,0
,5213D9,"Installation de chauffage avec chaudière gaz/fuel en habitat individuel, collectif et tertiaire supérieur à 1000 m2","Equipements électriques hors ENR : chauffage, eau chaude, éclairage 2020",0
,5214D5,"Installation de chauffage à gaz décentralisée : aérotherme, radiants, générateur d'air chaud",,0
,5214D9,"Installation de chauffage à gaz décentralisée : aérotherme, radiants, générateur d'air chaud",,0
,5221D1,Installation d'appareil de chauffage bois indépendant : poêle et insert,Chauffage et/ou eau chaude au bois 2020,0
,5222D1,"Installation de chauffage avec chaudière bois en habitat individuel, collectif et tertiaire inférieur à 1000 m²",Chauffage et/ou eau chaude au bois 2020,0
,5223D1,"Installation de chauffage avec chaudière bois en habitat individuel, collectif et tertiaire supérieur à 1000 m²",Chauffage et/ou eau chaude au bois 2020,0
,5231D3,"Installation de pompe à chaleur et groupe froid en habitat individuel, collectif et tertiaire inférieur à 1000 m2",Pompe à chaleur et/ou Chauffe-eau thermodynamique 2020,0
,5231D5,"Installation de pompe à chaleur et groupe froid en habitat individuel, collectif et tertiaire inférieur à 1000 m2",,0
,5231D9,"Installation de pompe à chaleur et groupe froid en habitat individuel, collectif et tertiaire inférieur à 1000 m2","Equipements électriques hors ENR : chauffage, eau chaude, éclairage 2020",0
,5232D3,"Installation de pompe à chaleur et groupe froid en habitat individuel, collectif et tertiaire supérieur à 1000 m²",Pompe à chaleur et/ou Chauffe-eau thermodynamique 2020,0
,5232D9,"Installation de pompe à chaleur et groupe froid en habitat individuel, collectif et tertiaire supérieur à 1000 m²",Pompe à chaleur et/ou Chauffe-eau thermodynamique 2020,0
,5241D2,Installation de chauffage solaire et ecs,,0
,5261D5,"Entretien et maintenance d'installation de chauffage avec chaudière en habitat individuel, collectif et tertiaire inférieur à 1000 m2",Chaudière condensation ou micro-cogénération gaz ou fioul 2020,0
,5261D9,"Entretien et maintenance d'installation de chauffage avec chaudière en habitat individuel, collectif et tertiaire inférieur à 1000 m2","Equipements électriques hors ENR : chauffage, eau chaude, éclairage 2020",0
,5262D5,Maintenance d'installation de chauffage avec chaudière dans tout type de bâtiment supérieur à 1000 m2,Chaudière condensation ou micro-cogénération gaz ou fioul 2020,0
,5262D9,Maintenance d'installation de chauffage avec chaudière dans tout type de bâtiment supérieur à 1000 m2,"Equipements électriques hors ENR : chauffage, eau chaude, éclairage 2020",0
,5263D5,"Maintenance d'installation de pompe à chaleur et groupe froid en habitat individuel, collectif et tertiaire inférieur à 1000 m2",,0
,5263D9,"Maintenance d'installation de pompe à chaleur et groupe froid en habitat individuel, collectif et tertiaire inférieur à 1000 m2",,0
,5272D9,Exploitation d'installation de chauffage et de rafraichissement avec obligation de résultat dans tout type de bâtiment ou industrie supérieur à 1000 m2,,0
,5273D5,"Exploitation d'installation de chauffage et de rafraichissement avec garantie totale en habitat individuel, collectif et tertiaire inférieur à 1000 m2",Chaudière condensation ou micro-cogénération gaz ou fioul 2020,0
,5274D5,Exploitation d'installation de chauffage et de rafraichissement avec garantie totale dans tout type de bâtiment supérieur à 1000 m2,Chaudière condensation ou micro-cogénération gaz ou fioul 2020,0
,5274D9,Exploitation d'installation de chauffage et de rafraichissement avec garantie totale dans tout type de bâtiment supérieur à 1000 m2,,0
,5311D10,"Installation de vmc en habitat individuel, collectif et tertiaire inférieur à 1000 m2",Ventilation 2020,0
,5311D5,Installations thermiques,Chaudière condensation ou micro-cogénération gaz ou fioul 2020,0
,5311D9,Installations thermiques,"Equipements électriques hors ENR : chauffage, eau chaude, éclairage 2020",0
,5312D10,"Installation de vmc en habitat individuel, collectif et tertiaire supérieur à 1000 m2",Ventilation 2020,0
,5312D5,Installations thermiques,Chaudière condensation ou micro-cogénération gaz ou fioul 2020,0
,5312D9,Installations thermiques,"Equipements électriques hors ENR : chauffage, eau chaude, éclairage 2020",0
,5313D10,Installations thermiques,Ventilation 2020,0
,5313D5,Installations thermiques,Chaudière condensation ou micro-cogénération gaz ou fioul 2020,0
,5313D9,Installations thermiques,"Equipements électriques hors ENR : chauffage, eau chaude, éclairage 2020",0
,5333D10,Maintenance des réseaux aérauliques,,0
,5342D9,Régulation,"Equipements électriques hors ENR : chauffage, eau chaude, éclairage 2020",0
,5361D5,Rénovation d'installations de chauffage,Chaudière condensation ou micro-cogénération gaz ou fioul 2020,0
,5361D9,Rénovation d'installations de chauffage,"Equipements électriques hors ENR : chauffage, eau chaude, éclairage 2020",0
,5362D5,Rénovation de chaufferies,Chaudière condensation ou micro-cogénération gaz ou fioul 2020,0
,5362D9,Rénovation de chaufferies,"Equipements électriques hors ENR : chauffage, eau chaude, éclairage 2020",0
,5363D5,Rénovation de chaufferies,Chaudière condensation ou micro-cogénération gaz ou fioul 2020,0
,5363D9,Rénovation de chaufferies,"Equipements électriques hors ENR : chauffage, eau chaude, éclairage 2020",0
,5412D5,Climatisation,Chaudière condensation ou micro-cogénération gaz ou fioul 2020,0
,5412D9,Climatisation,"Equipements électriques hors ENR : chauffage, eau chaude, éclairage 2020",0
,5413D5,Climatisation,Chaudière condensation ou micro-cogénération gaz ou fioul 2020,0
,5413D9,Climatisation,"Equipements électriques hors ENR : chauffage, eau chaude, éclairage 2020",0
,5414D5,Climatisation,Chaudière condensation ou micro-cogénération gaz ou fioul 2020,0
,5414D9,Climatisation,"Equipements électriques hors ENR : chauffage, eau chaude, éclairage 2020",0
,5421D9,Climatiseurs individuels,"Equipements électriques hors ENR : chauffage, eau chaude, éclairage 2020",0
,5422D9,Climatiseurs autonomes,"Equipements électriques hors ENR : chauffage, eau chaude, éclairage 2020",0
,5423D9,Climatiseurs à détente directe,"Equipements électriques hors ENR : chauffage, eau chaude, éclairage 2020",0
,5431D10,Ventilation Mécanique Contrôlée,Ventilation 2020,0
,5431D9,Ventilation Mécanique Contrôlée,Ventilation 2020,0
,5432D10,Conduits aérauliques,Ventilation 2020,0
,5433D10,Ventilation,Ventilation 2020,0
,5511D5,Maintenance d'installations thermiques,Chaudière condensation ou micro-cogénération gaz ou fioul 2020,0
,5511D9,Installation de systèmes de gestion technique du bâtiment (gtb),"Equipements électriques hors ENR : chauffage, eau chaude, éclairage 2020",0
,5512D5,Maintenance d'installations thermiques,Chaudière condensation ou micro-cogénération gaz ou fioul 2020,0
,5513D5,Maintenance d'installations thermiques,Chaudière condensation ou micro-cogénération gaz ou fioul 2020,0
,5532D5,Exploitation sans garantie totale d'installations d'importance moyenne,Chaudière condensation ou micro-cogénération gaz ou fioul 2020,0
,5533D5,Exploitation sans garantie totale d'installations de toute importance,Chaudière condensation ou micro-cogénération gaz ou fioul 2020,0
,5542D5,Exploitation avec garantie totale d'installations de faible et moyenne importance,Chaudière condensation ou micro-cogénération gaz ou fioul 2020,0
,5543D5,Exploitation avec garantie totale d'installations d'importance moyenne,Chaudière condensation ou micro-cogénération gaz ou fioul 2020,0
,5544D5,Exploitation avec garantie totale d'installations de toute importance,Chaudière condensation ou micro-cogénération gaz ou fioul 2020,0
,5554D5,Gestion d'équipements de production et de transport d'énergie calorifique ou frigorifique,Chaudière condensation ou micro-cogénération gaz ou fioul 2020,0
,5561D5,Maintenance des appareils individuels de production de chauffage et d'eau chaude sanitaire,Chaudière condensation ou micro-cogénération gaz ou fioul 2020,0
,5562D5,Maintenance des appareils individuels de chauffage et d'eau chaude sanitaire et VMC gaz associé,Chaudière condensation ou micro-cogénération gaz ou fioul 2020,0
,5911D2,Installations photovoltaïques de puissance inférieure à 250 kWc,,0
,5911D4,Installations photovoltaïques de puissance inférieure à 250 kWc,Panneaux photovoltaïques 2020,0
,5912D4,Installations photovoltaïques de puissance supérieure à 250 kWc,Panneaux photovoltaïques 2020,0
,6111D8,Peinture et ravalement,Isolation des murs et planchers bas 2020,0
,6112D8,Peinture et ravalement,Isolation des murs et planchers bas 2020,0
,6121D8,Ravalement en peinture,Isolation des murs et planchers bas 2020,0
,61CF,"Radiateurs électriques, dont régulation","Radiateurs électriques, dont régulation.",0
,6252D8,Chapes,Isolation des murs et planchers bas 2020,0
,6261D8,Chapes,Isolation des murs et planchers bas 2020,0
,6262D8,Chapes fluides,Isolation des murs et planchers bas 2020,0
,62MEE,"Equipements électriques hors ENR : chauffage, eau chaude, éclairage","Equipements électriques hors ENR : chauffage, eau chaude, éclairage 2020",0
,6311D8,Carrelages - revêtements,Isolation des murs et planchers bas 2020,0
,6312D8,Carrelages - revêtements - mosaïques,Isolation des murs et planchers bas 2020,0
,6313D8,Carrelages - revêtements - mosaïques - marbrerie,Isolation des murs et planchers bas 2020,0
,6412D8,Marbrerie de bâtiment,Isolation des murs et planchers bas 2020,0
,6422D8,Revêtements muraux attachés,Isolation des murs et planchers bas 2020,0
,64CFLCPT,"Radiateurs électriques, dont régulation","Radiateurs électriques, dont régulation.",0
,65CFMGTI,"Radiateurs électriques, dont régulation","Radiateurs électriques, dont régulation.",0
,6611D8,Fourniture et pose de plafonds suspendus modulaires,Isolation des murs et planchers bas 2020,0
,6612D8,Fourniture et pose de plafonds suspendus modulaires,Isolation des murs et planchers bas 2020,0
,71,Ventilation + - Pose de ventilation double flux,Ventilation mécanique,0
,7121D7,Isolation thermique et acoustique par soufflage,Isolation du toit 2020,0
,7121D8,Isolation thermique et acoustique par soufflage,Isolation des murs et planchers bas 2020,0
,7123D7,Isolation thermique par l'intérieur,Isolation du toit 2020,0
,7123D8,Isolation thermique par l'intérieur,Isolation des murs et planchers bas 2020,0
,7131D7,Isolation thermique par l'extérieur,,0
,7131D8,Isolation thermique par l'extérieur,Isolation des murs et planchers bas 2020,0
,7132D8,Isolation thermique par l'extérieur,Isolation des murs et planchers bas 2020,0
,7133D8,Isolation thermique par l'extérieur,Isolation des murs et planchers bas 2020,0
,7141D7,Isolation thermique et acoustique par soufflage,Isolation du toit 2020,0
,7142D8,Isolation thermique - correction acoustique par projection - injection,Isolation des murs et planchers bas 2020,0
,7143D7,Sécurité passive contre l'incendie,Isolation du toit 2020,0
,7143D8,Sécurité passive contre l'incendie,Isolation des murs et planchers bas 2020,0
,7212D7,Isolation et traitement acoustique,Isolation du toit 2020,0
,7212D8,Isolation et traitement acoustique,Isolation des murs et planchers bas 2020,0
,7213D7,Isolation et traitement acoustique,Isolation du toit 2020,0
,7213D8,Isolation et traitement acoustique,Isolation des murs et planchers bas 2020,0
,8111D2,Modules photovoltaïques intégrés,Panneaux photovoltaïques 2020,0
,8111D4,Modules photovoltaïques intégrés,Panneaux photovoltaïques 2020,0
,8112D4,Modules photovoltaïques intégrés,Panneaux photovoltaïques 2020,0
,8113D4,Modules photovoltaïques intégrés,Panneaux photovoltaïques 2020,0
,8121D4,Modules photovoltaïques surimposés ou de substitution,Panneaux photovoltaïques 2020,0
,8122D4,Modules photovoltaïques surimposés ou de substitution,Panneaux photovoltaïques 2020,0
,8123D4,Modules photovoltaïques surimposés ou de substitution,Panneaux photovoltaïques 2020,0
,8211D2,Installations solaires thermiques en habitat individuel,Chauffage et/ou eau chaude solaire 2020,0
,8212D2,Installations solaires thermiques en habitat collectif ou tertiaire,Chauffage et/ou eau chaude solaire 2020,0
,8213D2,Installations solaires thermiques en habitat collectif ou tertiaire avec contrôle des performances,Chauffage et/ou eau chaude solaire 2020,0
,8214D2,Installations solaires thermiques,Chauffage et/ou eau chaude solaire 2020,0
,8311D3,Installations géothermiques en habitat individuel,Pompe à chaleur et/ou Chauffe-eau thermodynamique 2020,0
,8312D3,Installations géothermiques en habitat collectif ou tertiaire,Pompe à chaleur et/ou Chauffe-eau thermodynamique 2020,0
,8313D3,Installations géothermiques en habitat collectif ou tertiaire,Pompe à chaleur et/ou Chauffe-eau thermodynamique 2020,0
,8321D3,Installations aérothermiques en habitat individuel,Pompe à chaleur et/ou Chauffe-eau thermodynamique 2020,0
,8331D3,Chauffe-eau thermodynamiques,Pompe à chaleur et/ou Chauffe-eau thermodynamique 2020,0
,8411D1,Installations thermiques bois énergie en habitat individuel,Chauffage et/ou eau chaude au bois 2020,0
,8412D1,Installations thermiques bois énergie en habitat collectif ou tertiaire,Chauffage et/ou eau chaude au bois 2020,0
,8413D1,Installations thermiques bois énergie en habitat collectif ou tertiaire,Chauffage et/ou eau chaude au bois 2020,0
,8611M10D6,"Efficacité énergétique - ""ECO Artisan®"" - Menuisier","Fenêtres, volets, portes extérieures 2020",0
,8611M11D10,"Efficacité énergétique - ""ECO Artisan®"" - Plombier",Ventilation 2020,0
,8611M11D5,"Efficacité énergétique - ""ECO Artisan®"" - Plombier",Chaudière condensation ou micro-cogénération gaz ou fioul 2020,0
,8611M11D9,"Efficacité énergétique - ""ECO Artisan®"" - Plombier","Equipements électriques hors ENR : chauffage, eau chaude, éclairage 2020",0
,8611M12D10,"Efficacité énergétique - ""ECO Artisan®"" - Chauffagiste",Ventilation 2020,0
,8611M12D5,"Efficacité énergétique - ""ECO Artisan®"" - Chauffagiste",Chaudière condensation ou micro-cogénération gaz ou fioul 2020,0
,8611M12D9,"Efficacité énergétique - ""ECO Artisan®"" - Chauffagiste","Equipements électriques hors ENR : chauffage, eau chaude, éclairage 2020",0
,8611M13D10,"Efficacité énergétique - ""ECO Artisan®"" - Électricien",Ventilation 2020,0
,8611M13D9,"Efficacité énergétique - ""ECO Artisan®"" - Électricien","Equipements électriques hors ENR : chauffage, eau chaude, éclairage 2020",0
,8611M1D8,"Efficacité énergétique - ""ECO Artisan®"" - Maçon",Isolation des murs et planchers bas 2020,0
,8611M2D8,"Efficacité énergétique - ""ECO Artisan®"" - Tailleur de pierres",Isolation des murs et planchers bas 2020,0
,8611M3D6,"Efficacité énergétique - ""ECO Artisan®"" - Charpentier","Fenêtres, volets, portes extérieures 2020",0
,8611M3D7,"Efficacité énergétique - ""ECO Artisan®"" - Charpentier",Isolation du toit 2020,0
,8611M3D8,"Efficacité énergétique - ""ECO Artisan®"" - Charpentier",Isolation des murs et planchers bas 2020,0
,8611M4D7,"Efficacité énergétique - ""ECO Artisan®"" - Plâtrier / Plaquiste",Isolation du toit 2020,0
,8611M4D8,"Efficacité énergétique - ""ECO Artisan®"" - Plâtrier / Plaquiste",Isolation des murs et planchers bas 2020,0
,8611M5D6,"Efficacité énergétique - ""ECO Artisan®"" - Serrurier métallier","Fenêtres, volets, portes extérieures 2020",0
,8611M5D8,"Efficacité énergétique - ""ECO Artisan®"" - Serrurier métallier",Isolation des murs et planchers bas 2020,0
,8611M6D8,"Efficacité énergétique - ""ECO Artisan®"" - Carreleur",Isolation des murs et planchers bas 2020,0
,8611M7D8,"Efficacité énergétique - ""ECO Artisan®"" - Peintre",Isolation des murs et planchers bas 2020,0
,8611M8D6,"Efficacité énergétique - ""ECO Artisan®"" - Couvreur","Fenêtres, volets, portes extérieures 2020",0
,8611M8D7,"Efficacité énergétique - ""ECO Artisan®"" - Couvreur",Isolation du toit 2020,0
,8611M8D8,"Efficacité énergétique - ""ECO Artisan®"" - Couvreur",Isolation des murs et planchers bas 2020,0
,8611M9D7,"Efficacité énergétique - ""ECO Artisan®"" - Agenceur",Isolation du toit 2020,0
,8621M10D6,"Efficacité énergétique - ""Les pros de la performance énergétique®"" - Menuisier","Fenêtres, volets, portes extérieures 2020",0
,8621M1D8,"Efficacité énergétique - ""Les pros de la performance énergétique®"" - Maçon",,0
,8621M3D7,"Efficacité énergétique - ""Les pros de la performance énergétique®"" - Charpentier",Isolation du toit 2020,0
,8621M3D8,"Efficacité énergétique - ""Les pros de la performance énergétique®"" - Charpentier",Isolation des murs et planchers bas 2020,0
,8621M4D7,"Efficacité énergétique - ""Les pros de la performance énergétique®"" - Plâtrier / Plaquiste",,0
,8621M4D8,"Efficacité énergétique - ""Les pros de la performance énergétique®"" - Plâtrier / Plaquiste",,0
,8621M8D7,"Efficacité énergétique - ""Les pros de la performance énergétique®"" - Couvreur",,0
,8621M9D7,"Efficacité énergétique - ""Les pros de la performance énergétique®"" - Agenceur",Isolation du toit 2020,0
,8621T14D10,"Efficacité énergétique - ""Les pros de la performance énergétique®"" - Chauffage, ventilation, climatisation",Ventilation 2020,0
,8621T14D5,"Efficacité énergétique - ""Les pros de la performance énergétique®"" - Chauffage, ventilation, climatisation",Chaudière condensation ou micro-cogénération gaz ou fioul 2020,0
,8621T14D9,"Efficacité énergétique - ""Les pros de la performance énergétique®"" - Chauffage, ventilation, climatisation","Equipements électriques hors ENR : chauffage, eau chaude, éclairage 2020",0
,8621T15D1,"Efficacité énergétique - ""Les pros de la performance énergétique®"" - Énergie renouvelables",Chauffage et/ou eau chaude au bois 2020,0
,8621T15D2,"Efficacité énergétique - ""Les pros de la performance énergétique®"" - Énergie renouvelables",Chauffage et/ou eau chaude solaire 2020,0
,8621T15D3,"Efficacité énergétique - ""Les pros de la performance énergétique®"" - Énergie renouvelables",Pompe à chaleur et/ou Chauffe-eau thermodynamique 2020,0
,8621T15D4,"Efficacité énergétique - ""Les pros de la performance énergétique®"" - Énergie renouvelables",Panneaux photovoltaïques 2020,0
,8621T16D8,"Efficacité énergétique - ""Les pros de la performance énergétique®"" - Isolations parois verticales opaques et planchers bas",Isolation des murs et planchers bas 2020,0
,8621T17D6,"Efficacité énergétique - ""Les pros de la performance énergétique®"" - Isolation toitures dont toitures terrassés et planchers hauts","Fenêtres, volets, portes extérieures 2020",0
,8621T17D7,"Efficacité énergétique - ""Les pros de la performance énergétique®"" - Isolation toitures dont toitures terrassés et planchers hauts",Isolation du toit 2020,0
,8621T18D6,"Efficacité énergétique - ""Les pros de la performance énergétique®"" - Ouvrants, fermetures, protections solaires","Fenêtres, volets, portes extérieures 2020",0
,8621T19D9,"Efficacité énergétique - ""Les pros de la performance énergétique®"" - Eclairage","Equipements électriques hors ENR : chauffage, eau chaude, éclairage 2020",0
,8621T20D10,"Efficacité énergétique - ""Les pros de la performance énergétique®"" - Eau chaude sanitaire",Ventilation 2020,0
,8621T20D5,"Efficacité énergétique - ""Les pros de la performance énergétique®"" - Eau chaude sanitaire",Chaudière condensation ou micro-cogénération gaz ou fioul 2020,0
,8621T20D9,"Efficacité énergétique - ""Les pros de la performance énergétique®"" - Eau chaude sanitaire","Equipements électriques hors ENR : chauffage, eau chaude, éclairage 2020",0
,8632D12,"Efficacité énergétique - ""offre globale""",Projet complet de rénovation,0
,8633D12,"Efficacité énergétique - ""offre globale""",Projet complet de rénovation,0
,9112D7,Agencement,Isolation du toit 2020,0
,9112D8,Agencement,Isolation des murs et planchers bas 2020,0
,9113D7,Agencement,Isolation du toit 2020,0
,9113D8,Agencement,Isolation des murs et planchers bas 2020,0
,9141D6,Fourniture et pose de vérandas à structure aluminium,"Fenêtres, volets, portes extérieures 2020",0
,9142D6,Fabrication et pose de vérandas à structure aluminium,"Fenêtres, volets, portes extérieures 2020",0
,9143D6,Vérandas tous matériaux (hors aluminium),"Fenêtres, volets, portes extérieures 2020",0
,9161D7,Transformation et aménagement de combles,Isolation du toit 2020,0
,BENRFCE,BENR RGE Etudes de Faisabilité et Conception de la performance énergétique de l?enveloppe,,0
,C001D12,Offre Globale de Rénovation Energétique,Projet complet de rénovation,0
,MEE,"Equipements électriques hors ENR : chauffage, eau chaude, éclairage","Equipements électriques hors ENR : chauffage, eau chaude, éclairage 2020",0
,NFMRHQE440,Travaux de rénovation globale et environnementale,Projet complet de rénovation,0
,PACMEE,Pompe à chaleur,Pompe à chaleur et/ou Chauffe-eau thermodynamique 2020,0
,PG00D5,Professionnel du Gaz - Efficacité énergétique,Chaudière condensation ou micro-cogénération gaz ou fioul 2020,0
,SPV,Panneaux Photovoltaïques,Panneaux photovoltaïques 2020,0
,VMMEE,Ventilation,Ventilation 2020,0
cequami,AUDIT500-02,Audit énergétique,Audit énergétique,89
cequami,NFMR440,Travaux de rénovation globale,Projet complet de rénovation,95
certibat,C001D119,Offre Globale de Rénovation Energétique,Audit énergétique,110
cnoa,1,Rénovation à faible impact énergétique de bâtiments existants (système et stratégie de rénovation),Audit énergétique,376
cnoa,2,Architecte sur le site faire.fr,Architecte,2967
icert,BENRESST,BENR RGE Etudes d?Exécution et suivi de travaux de la performance énergétique des lots techniques avec la mention « Solaire Thermique »,,1
icert,BENRET,BENR RGE Etudes thermiques réglementaires,,23
icert,BENRFCLT,BENR RGE Etudes de faisabilité et conception de la performance énergétique des lots techniques sans ENR,,2
icert,BENRFCSP,BENR RGE Etudes de faisabilité et conception de la performance énergétique des lots techniques avec la mention « Solaire Photovoltaïque »,,1
icert,BENRFCST,BENR RGE Etudes de faisabilité et conception de la performance énergétique des lots techniques avec la mention « Solaire Thermique »,,4
icert,Q0101,Audits énergétiques des bâtiments tertiaires et/ou habitations collectives,,15
opqibi,1007,Etude des ressources géothermiques,Etude forage géothermique,160
opqibi,1224,Ingénierie de la performance énergétique de l?enveloppe du bâtiment,Etude enveloppe du bâtiment,55
opqibi,1326,Etude de la performance énergétique dans le traitement climatique du bâtiment,Etude système technique bâtiment,146
opqibi,1327,Ingénierie de la performance énergétique dans le traitement climatique du bâtiment,Etude système technique bâtiment,127
opqibi,1331,Etude thermique réglementaire ?maison individuelle?,Etude thermique reglementaire,534
opqibi,1332,Etude thermique réglementaire ?bâtiment collectif d?habitation et/ou tertiaire?,Etude thermique reglementaire,519
opqibi,1333,Etude ACV bâtiments neufs (référentiel E+C-),Etude ACV,138
opqibi,1407,Étude d?éclairage intérieur,Etude eclairage,191
opqibi,1905,Audit énergétique des bâtiments (tertiaires et/ou habitations collectives),Audit énergétique,703
opqibi,1910,Accompagnement au commissionnement des installations techniques du bâtiment,Commisionnement,34
opqibi,1911,Audit énergétique ?maisons individuelles?,Audit énergétique,734
opqibi,2008,Ingénierie des installations de production utilisant la biomasse en combustion,Etude bois énergie,220
opqibi,2010,Étude d?installations de production utilisant l?énergie solaire thermique,Etude solaire thermique,131
opqibi,2011,Étude d?installations de production utilisant l?énergie solaire photovoltaïque,Etude solaire photovoltaïque,210
opqibi,2012,AMO pour la réalisation d?installations de production d?énergie utilisant la biomasse,Etude bois énergie,66
opqibi,2013,Ingénierie des installations de production utilisant l?énergie géothermique,Etude forage géothermique,90
opqibi,2014,Ingénierie des installations de production utilisant l?énergie solaire thermique,Etude solaire thermique,102
opqibi,2015,Ingénierie des installations solaires utilisant l?énergie solaire photovoltaïque,Etude solaire photovoltaïque,164
qualibat,2111D111,Maçonnerie et ouvrages en béton armé,Isolation par l'intérieur des murs ou rampants de toitures  ou plafonds,808
qualibat,2111D112,Maçonnerie et ouvrages en béton armé,Isolation des murs par l'extérieur,799
qualibat,2111D115,Maçonnerie et ouvrages en béton armé,Isolation des planchers bas,815
qualibat,2112D111,Maçonnerie et ouvrages en béton armé,Isolation par l'intérieur des murs ou rampants de toitures  ou plafonds,174
qualibat,2112D112,Maçonnerie et ouvrages en béton armé,Isolation des murs par l'extérieur,174
qualibat,2112D115,Maçonnerie et ouvrages en béton armé,Isolation des planchers bas,176
qualibat,2113D111,Maçonnerie et ouvrages en béton armé,Isolation par l'intérieur des murs ou rampants de toitures  ou plafonds,41
qualibat,2113D112,Maçonnerie et ouvrages en béton armé,Isolation des murs par l'extérieur,42
qualibat,2113D115,Maçonnerie et ouvrages en béton armé,Isolation des planchers bas,41
qualibat,2121D112,Ravalement en maçonnerie,Isolation des murs par l'extérieur,99
qualibat,2121D115,Ravalement en maçonnerie,Isolation des planchers bas,94
qualibat,2132D111,Enduits aux liants hydrauliques,Isolation par l'intérieur des murs ou rampants de toitures  ou plafonds,214
qualibat,2132D112,Enduits aux liants hydrauliques,Isolation des murs par l'extérieur,229
qualibat,2132D115,Enduits aux liants hydrauliques,Isolation des planchers bas,211
qualibat,2141D111,Transformation en maçonnerie,Isolation par l'intérieur des murs ou rampants de toitures  ou plafonds,108
qualibat,2141D112,Transformation en maçonnerie,Isolation des murs par l'extérieur,108
qualibat,2141D115,Transformation en maçonnerie,Isolation des planchers bas,107
qualibat,2142D111,Réparation en maçonnerie et en béton armé,Isolation par l'intérieur des murs ou rampants de toitures  ou plafonds,27
qualibat,2142D112,Réparation en maçonnerie et en béton armé,Isolation des murs par l'extérieur,28
qualibat,2142D115,Réparation en maçonnerie et en béton armé,Isolation des planchers bas,27
qualibat,2151D115,Dallage courant,Isolation des planchers bas,3
qualibat,2212D111,Béton armé et béton précontraint,Isolation par l'intérieur des murs ou rampants de toitures  ou plafonds,17
qualibat,2212D112,Béton armé et béton précontraint,Isolation des murs par l'extérieur,17
qualibat,2212D115,Béton armé et béton précontraint,Isolation des planchers bas,17
qualibat,2213D111,Béton armé et béton précontraint,Isolation par l'intérieur des murs ou rampants de toitures  ou plafonds,7
qualibat,2213D112,Béton armé et béton précontraint,Isolation des murs par l'extérieur,7
qualibat,2213D115,Béton armé et béton précontraint,Isolation des planchers bas,7
qualibat,2301D109,"Fourniture et pose de charpente traditionnelle, en bois lamellé collé et structure en bois","Fenêtres, volets, portes donnant sur l'extérieur",392
qualibat,2301D110,"Fourniture et pose de charpente traditionnelle, en bois lamellé collé et structure en bois",Fenêtres de toit,394
qualibat,2301D111,"Fourniture et pose de charpente traditionnelle, en bois lamellé collé et structure en bois",Isolation par l'intérieur des murs ou rampants de toitures  ou plafonds,683
qualibat,2301D112,"Fourniture et pose de charpente traditionnelle, en bois lamellé collé et structure en bois",Isolation des murs par l'extérieur,543
qualibat,2301D113,"Fourniture et pose de charpente traditionnelle, en bois lamellé collé et structure en bois",Isolation des toitures terrasses ou des toitures par l'extérieur,658
qualibat,2301D114,"Fourniture et pose de charpente traditionnelle, en bois lamellé collé et structure en bois",Isolation des combles perdus,648
qualibat,2301D115,"Fourniture et pose de charpente traditionnelle, en bois lamellé collé et structure en bois",Isolation des planchers bas,527
qualibat,2301D7,"Fourniture et pose de charpente traditionnelle, en bois lamellé collé et structure en bois",Isolation du toit 2020,2
qualibat,2301D8,"Fourniture et pose de charpente traditionnelle, en bois lamellé collé et structure en bois",Isolation des murs et planchers bas 2020,1
qualibat,2302D109,"Fourniture et pose de charpente traditionnelle, en bois lamellé collé et structure en bois","Fenêtres, volets, portes donnant sur l'extérieur",17
qualibat,2302D110,"Fourniture et pose de charpente traditionnelle, en bois lamellé collé et structure en bois",Fenêtres de toit,17
qualibat,2302D111,"Fourniture et pose de charpente traditionnelle, en bois lamellé collé et structure en bois",Isolation par l'intérieur des murs ou rampants de toitures  ou plafonds,34
qualibat,2302D112,"Fourniture et pose de charpente traditionnelle, en bois lamellé collé et structure en bois",Isolation des murs par l'extérieur,32
qualibat,2302D113,"Fourniture et pose de charpente traditionnelle, en bois lamellé collé et structure en bois",Isolation des toitures terrasses ou des toitures par l'extérieur,35
qualibat,2302D114,"Fourniture et pose de charpente traditionnelle, en bois lamellé collé et structure en bois",Isolation des combles perdus,34
qualibat,2302D115,"Fourniture et pose de charpente traditionnelle, en bois lamellé collé et structure en bois",Isolation des planchers bas,31
qualibat,2303D109,"Fourniture et pose de charpente traditionnelle, en bois lamellé collé et structure en bois","Fenêtres, volets, portes donnant sur l'extérieur",1
qualibat,2303D110,"Fourniture et pose de charpente traditionnelle, en bois lamellé collé et structure en bois",Fenêtres de toit,1
qualibat,2303D111,"Fourniture et pose de charpente traditionnelle, en bois lamellé collé et structure en bois",Isolation par l'intérieur des murs ou rampants de toitures  ou plafonds,4
qualibat,2303D112,"Fourniture et pose de charpente traditionnelle, en bois lamellé collé et structure en bois",Isolation des murs par l'extérieur,4
qualibat,2303D113,"Fourniture et pose de charpente traditionnelle, en bois lamellé collé et structure en bois",Isolation des toitures terrasses ou des toitures par l'extérieur,4
qualibat,2303D114,"Fourniture et pose de charpente traditionnelle, en bois lamellé collé et structure en bois",Isolation des combles perdus,4
qualibat,2303D115,"Fourniture et pose de charpente traditionnelle, en bois lamellé collé et structure en bois",Isolation des planchers bas,4
qualibat,2312D109,Fabrication et pose de charpente traditionnelle et structure en bois,"Fenêtres, volets, portes donnant sur l'extérieur",273
qualibat,2312D110,Fabrication et pose de charpente traditionnelle et structure en bois,Fenêtres de toit,276
qualibat,2312D111,Fabrication et pose de charpente traditionnelle et structure en bois,Isolation par l'intérieur des murs ou rampants de toitures  ou plafonds,515
qualibat,2312D112,Fabrication et pose de charpente traditionnelle et structure en bois,Isolation des murs par l'extérieur,453
qualibat,2312D113,Fabrication et pose de charpente traditionnelle et structure en bois,Isolation des toitures terrasses ou des toitures par l'extérieur,496
qualibat,2312D114,Fabrication et pose de charpente traditionnelle et structure en bois,Isolation des combles perdus,487
qualibat,2312D115,Fabrication et pose de charpente traditionnelle et structure en bois,Isolation des planchers bas,435
qualibat,2312D6,Fabrication et pose de charpente traditionnelle et structure en bois,"Fenêtres, volets, portes extérieures 2020",1
qualibat,2312D7,Fabrication et pose de charpente traditionnelle et structure en bois,Isolation du toit 2020,1
qualibat,2312D8,Fabrication et pose de charpente traditionnelle et structure en bois,Isolation des murs et planchers bas 2020,1
qualibat,2313D109,Fabrication et pose de charpente traditionnelle et structure en bois,"Fenêtres, volets, portes donnant sur l'extérieur",23
qualibat,2313D110,Fabrication et pose de charpente traditionnelle et structure en bois,Fenêtres de toit,23
qualibat,2313D111,Fabrication et pose de charpente traditionnelle et structure en bois,Isolation par l'intérieur des murs ou rampants de toitures  ou plafonds,50
qualibat,2313D112,Fabrication et pose de charpente traditionnelle et structure en bois,Isolation des murs par l'extérieur,44
qualibat,2313D113,Fabrication et pose de charpente traditionnelle et structure en bois,Isolation des toitures terrasses ou des toitures par l'extérieur,47
qualibat,2313D114,Fabrication et pose de charpente traditionnelle et structure en bois,Isolation des combles perdus,47
qualibat,2313D115,Fabrication et pose de charpente traditionnelle et structure en bois,Isolation des planchers bas,43
qualibat,2351D109,Fourniture et pose de bâtiments à ossature bois,"Fenêtres, volets, portes donnant sur l'extérieur",17
qualibat,2351D110,Fourniture et pose de bâtiments à ossature bois,Fenêtres de toit,17
qualibat,2351D111,Fourniture et pose de bâtiments à ossature bois,Isolation par l'intérieur des murs ou rampants de toitures  ou plafonds,26
qualibat,2351D112,Fourniture et pose de bâtiments à ossature bois,Isolation des murs par l'extérieur,25
qualibat,2351D113,Fourniture et pose de bâtiments à ossature bois,Isolation des toitures terrasses ou des toitures par l'extérieur,23
qualibat,2351D114,Fourniture et pose de bâtiments à ossature bois,Isolation des combles perdus,22
qualibat,2351D115,Fourniture et pose de bâtiments à ossature bois,Isolation des planchers bas,25
qualibat,2352D109,Fourniture et pose de bâtiments à ossature bois,"Fenêtres, volets, portes donnant sur l'extérieur",3
qualibat,2352D110,Fourniture et pose de bâtiments à ossature bois,Fenêtres de toit,3
qualibat,2352D111,Fourniture et pose de bâtiments à ossature bois,Isolation par l'intérieur des murs ou rampants de toitures  ou plafonds,8
qualibat,2352D112,Fourniture et pose de bâtiments à ossature bois,Isolation des murs par l'extérieur,8
qualibat,2352D113,Fourniture et pose de bâtiments à ossature bois,Isolation des toitures terrasses ou des toitures par l'extérieur,6
qualibat,2352D114,Fourniture et pose de bâtiments à ossature bois,Isolation des combles perdus,6
qualibat,2352D115,Fourniture et pose de bâtiments à ossature bois,Isolation des planchers bas,8
qualibat,2361D109,Fabrication et pose de bâtiments à ossature bois,"Fenêtres, volets, portes donnant sur l'extérieur",10
qualibat,2361D110,Fabrication et pose de bâtiments à ossature bois,Fenêtres de toit,10
qualibat,2361D111,Fabrication et pose de bâtiments à ossature bois,Isolation par l'intérieur des murs ou rampants de toitures  ou plafonds,17
qualibat,2361D112,Fabrication et pose de bâtiments à ossature bois,Isolation des murs par l'extérieur,17
qualibat,2361D113,Fabrication et pose de bâtiments à ossature bois,Isolation des toitures terrasses ou des toitures par l'extérieur,16
qualibat,2361D114,Fabrication et pose de bâtiments à ossature bois,Isolation des combles perdus,16
qualibat,2361D115,Fabrication et pose de bâtiments à ossature bois,Isolation des planchers bas,17
qualibat,2362D109,Fabrication et pose de bâtiments à ossature bois,"Fenêtres, volets, portes donnant sur l'extérieur",1
qualibat,2362D110,Fabrication et pose de bâtiments à ossature bois,Fenêtres de toit,1
qualibat,2362D111,Fabrication et pose de bâtiments à ossature bois,Isolation par l'intérieur des murs ou rampants de toitures  ou plafonds,1
qualibat,2362D112,Fabrication et pose de bâtiments à ossature bois,Isolation des murs par l'extérieur,1
qualibat,2362D113,Fabrication et pose de bâtiments à ossature bois,Isolation des toitures terrasses ou des toitures par l'extérieur,1
qualibat,2362D114,Fabrication et pose de bâtiments à ossature bois,Isolation des combles perdus,1
qualibat,2362D115,Fabrication et pose de bâtiments à ossature bois,Isolation des planchers bas,1
qualibat,2371D109,Charpente et structures industrialisées en bois,"Fenêtres, volets, portes donnant sur l'extérieur",10
qualibat,2371D110,Charpente et structures industrialisées en bois,Fenêtres de toit,10
qualibat,2371D111,Charpente et structures industrialisées en bois,Isolation par l'intérieur des murs ou rampants de toitures  ou plafonds,14
qualibat,2371D112,Charpente et structures industrialisées en bois,Isolation des murs par l'extérieur,10
qualibat,2371D113,Charpente et structures industrialisées en bois,Isolation des toitures terrasses ou des toitures par l'extérieur,14
qualibat,2371D114,Charpente et structures industrialisées en bois,Isolation des combles perdus,14
qualibat,2371D115,Charpente et structures industrialisées en bois,Isolation des planchers bas,10
qualibat,2372D109,Charpente et structures industrialisées en bois,"Fenêtres, volets, portes donnant sur l'extérieur",1
qualibat,2372D110,Charpente et structures industrialisées en bois,Fenêtres de toit,1
qualibat,2372D111,Charpente et structures industrialisées en bois,Isolation par l'intérieur des murs ou rampants de toitures  ou plafonds,1
qualibat,2372D112,Charpente et structures industrialisées en bois,Isolation des murs par l'extérieur,1
qualibat,2372D113,Charpente et structures industrialisées en bois,Isolation des toitures terrasses ou des toitures par l'extérieur,1
qualibat,2372D114,Charpente et structures industrialisées en bois,Isolation des combles perdus,1
qualibat,2372D115,Charpente et structures industrialisées en bois,Isolation des planchers bas,1
qualibat,2381D109,Fourniture et pose de bâtiments en panneaux bois massifs croisés,"Fenêtres, volets, portes donnant sur l'extérieur",1
qualibat,2381D110,Fourniture et pose de bâtiments en panneaux bois massifs croisés,Fenêtres de toit,1
qualibat,2381D111,Fourniture et pose de bâtiments en panneaux bois massifs croisés,Isolation par l'intérieur des murs ou rampants de toitures  ou plafonds,1
qualibat,2381D112,Fourniture et pose de bâtiments en panneaux bois massifs croisés,Isolation des murs par l'extérieur,1
qualibat,2381D113,Fourniture et pose de bâtiments en panneaux bois massifs croisés,Isolation des toitures terrasses ou des toitures par l'extérieur,1
qualibat,2381D114,Fourniture et pose de bâtiments en panneaux bois massifs croisés,Isolation des combles perdus,1
qualibat,2381D115,Fourniture et pose de bâtiments en panneaux bois massifs croisés,Isolation des planchers bas,1
qualibat,3101D110,Tuiles à emboîtement ou à glissement,Fenêtres de toit,2266
qualibat,3101D111,Tuiles à emboîtement ou à glissement,Isolation par l'intérieur des murs ou rampants de toitures  ou plafonds,2553
qualibat,3101D112,Tuiles à emboîtement ou à glissement,Isolation des murs par l'extérieur,710
qualibat,3101D113,Tuiles à emboîtement ou à glissement,Isolation des toitures terrasses ou des toitures par l'extérieur,2551
qualibat,3101D114,Tuiles à emboîtement ou à glissement,Isolation des combles perdus,2521
qualibat,3101D6,Tuiles à emboîtement ou à glissement,"Fenêtres, volets, portes extérieures 2020",4
qualibat,3101D7,Tuiles à emboîtement ou à glissement,Isolation du toit 2020,5
qualibat,3101D8,Tuiles à emboîtement ou à glissement,Isolation des murs et planchers bas 2020,1
qualibat,3111D110,Tuiles canal,Fenêtres de toit,194
qualibat,3111D111,Tuiles canal,Isolation par l'intérieur des murs ou rampants de toitures  ou plafonds,253
qualibat,3111D112,Tuiles canal,Isolation des murs par l'extérieur,19
qualibat,3111D113,Tuiles canal,Isolation des toitures terrasses ou des toitures par l'extérieur,252
qualibat,3111D114,Tuiles canal,Isolation des combles perdus,249
qualibat,3111D7,Tuiles canal,Isolation du toit 2020,1
qualibat,3113D110,Tuiles canal,Fenêtres de toit,32
qualibat,3113D111,Tuiles canal,Isolation par l'intérieur des murs ou rampants de toitures  ou plafonds,40
qualibat,3113D112,Tuiles canal,Isolation des murs par l'extérieur,3
qualibat,3113D113,Tuiles canal,Isolation des toitures terrasses ou des toitures par l'extérieur,39
qualibat,3113D114,Tuiles canal,Isolation des combles perdus,39
qualibat,3121D110,Tuiles plates,Fenêtres de toit,532
qualibat,3121D111,Tuiles plates,Isolation par l'intérieur des murs ou rampants de toitures  ou plafonds,539
qualibat,3121D113,Tuiles plates,Isolation des toitures terrasses ou des toitures par l'extérieur,533
qualibat,3121D114,Tuiles plates,Isolation des combles perdus,527
qualibat,3121D6,Tuiles plates,"Fenêtres, volets, portes extérieures 2020",1
qualibat,3121D7,Tuiles plates,Isolation du toit 2020,2
qualibat,3123D110,Tuiles plates,Fenêtres de toit,76
qualibat,3123D111,Tuiles plates,Isolation par l'intérieur des murs ou rampants de toitures  ou plafonds,77
qualibat,3123D112,Tuiles plates,Isolation des murs par l'extérieur,17
qualibat,3123D113,Tuiles plates,Isolation des toitures terrasses ou des toitures par l'extérieur,77
qualibat,3123D114,Tuiles plates,Isolation des combles perdus,76
qualibat,3132D110,Ardoises,Fenêtres de toit,1268
qualibat,3132D111,Ardoises,Isolation par l'intérieur des murs ou rampants de toitures  ou plafonds,1230
qualibat,3132D112,Ardoises,Isolation des murs par l'extérieur,548
qualibat,3132D113,Ardoises,Isolation des toitures terrasses ou des toitures par l'extérieur,1195
qualibat,3132D114,Ardoises,Isolation des combles perdus,1159
qualibat,3132D6,Ardoises,"Fenêtres, volets, portes extérieures 2020",3
qualibat,3132D7,Ardoises,Isolation du toit 2020,3
qualibat,3133D110,Ardoises,Fenêtres de toit,124
qualibat,3133D111,Ardoises,Isolation par l'intérieur des murs ou rampants de toitures  ou plafonds,125
qualibat,3133D112,Ardoises,Isolation des murs par l'extérieur,33
qualibat,3133D113,Ardoises,Isolation des toitures terrasses ou des toitures par l'extérieur,123
qualibat,3133D114,Ardoises,Isolation des combles perdus,122
qualibat,3143D110,Fenêtres de toit en pente,Fenêtres de toit,454
qualibat,3152D110,Couverture en métaux sauf plomb,Fenêtres de toit,402
qualibat,3152D111,Couverture en métaux sauf plomb,Isolation par l'intérieur des murs ou rampants de toitures  ou plafonds,438
qualibat,3152D112,Couverture en métaux sauf plomb,Isolation des murs par l'extérieur,134
qualibat,3152D113,Couverture en métaux sauf plomb,Isolation des toitures terrasses ou des toitures par l'extérieur,436
qualibat,3152D114,Couverture en métaux sauf plomb,Isolation des combles perdus,427
qualibat,3153D110,Couverture en métaux sauf plomb,Fenêtres de toit,98
qualibat,3153D111,Couverture en métaux sauf plomb,Isolation par l'intérieur des murs ou rampants de toitures  ou plafonds,100
qualibat,3153D112,Couverture en métaux sauf plomb,Isolation des murs par l'extérieur,32
qualibat,3153D113,Couverture en métaux sauf plomb,Isolation des toitures terrasses ou des toitures par l'extérieur,99
qualibat,3153D114,Couverture en métaux sauf plomb,Isolation des combles perdus,98
qualibat,3162D110,Couverture en plomb,Fenêtres de toit,3
qualibat,3162D111,Couverture en plomb,Isolation par l'intérieur des murs ou rampants de toitures  ou plafonds,3
qualibat,3162D112,Couverture en plomb,Isolation des murs par l'extérieur,1
qualibat,3162D113,Couverture en plomb,Isolation des toitures terrasses ou des toitures par l'extérieur,3
qualibat,3162D114,Couverture en plomb,Isolation des combles perdus,3
qualibat,3163D110,Couverture en plomb,Fenêtres de toit,27
qualibat,3163D111,Couverture en plomb,Isolation par l'intérieur des murs ou rampants de toitures  ou plafonds,26
qualibat,3163D112,Couverture en plomb,Isolation des murs par l'extérieur,3
qualibat,3163D113,Couverture en plomb,Isolation des toitures terrasses ou des toitures par l'extérieur,26
qualibat,3163D114,Couverture en plomb,Isolation des combles perdus,26
qualibat,3171D110,Couverture en bardeaux bitumés,"Fenêtres, volets, portes donnant sur l'extérieur",35
qualibat,3171D111,Couverture en bardeaux bitumés,Isolation par l'intérieur des murs ou rampants de toitures  ou plafonds,37
qualibat,3171D112,Couverture en bardeaux bitumés,Isolation des murs par l'extérieur,8
qualibat,3171D113,Couverture en bardeaux bitumés,Isolation des toitures terrasses ou des toitures par l'extérieur,37
qualibat,3171D114,Couverture en bardeaux bitumés,Isolation des combles perdus,37
qualibat,3172D110,Couverture en matériaux régionaux,Fenêtres de toit,47
qualibat,3172D111,Couverture en matériaux régionaux,Isolation par l'intérieur des murs ou rampants de toitures  ou plafonds,50
qualibat,3172D112,Couverture en matériaux régionaux,Isolation des murs par l'extérieur,11
qualibat,3172D113,Couverture en matériaux régionaux,Isolation des toitures terrasses ou des toitures par l'extérieur,55
qualibat,3172D114,Couverture en matériaux régionaux,Isolation des combles perdus,49
qualibat,3173D110,Couverture en matériaux régionaux,Fenêtres de toit,13
qualibat,3173D111,Couverture en matériaux régionaux,Isolation par l'intérieur des murs ou rampants de toitures  ou plafonds,12
qualibat,3173D112,Couverture en matériaux régionaux,Isolation des murs par l'extérieur,1
qualibat,3173D113,Couverture en matériaux régionaux,Isolation des toitures terrasses ou des toitures par l'extérieur,12
qualibat,3173D114,Couverture en matériaux régionaux,Isolation des combles perdus,12
qualibat,3181D110,Couverture en plaques nervurées ou ondulées,Fenêtres de toit,379
qualibat,3181D111,Couverture en plaques nervurées ou ondulées,Isolation par l'intérieur des murs ou rampants de toitures  ou plafonds,464
qualibat,3181D112,Couverture en plaques nervurées ou ondulées,Isolation des murs par l'extérieur,146
qualibat,3181D113,Couverture en plaques nervurées ou ondulées,Isolation des toitures terrasses ou des toitures par l'extérieur,461
qualibat,3181D114,Couverture en plaques nervurées ou ondulées,Isolation des combles perdus,451
qualibat,3181D6,Couverture en plaques nervurées ou ondulées,"Fenêtres, volets, portes extérieures 2020",1
qualibat,3181D7,Couverture en plaques nervurées ou ondulées,Isolation du toit 2020,1
qualibat,3211D113,Étanchéité en matériaux bitumineux en feuilles,Isolation des toitures terrasses ou des toitures par l'extérieur,471
qualibat,3212D113,Étanchéité en matériaux bitumineux en feuilles,Isolation des toitures terrasses ou des toitures par l'extérieur,141
qualibat,3213D113,Étanchéité en matériaux bitumineux en feuilles,Isolation des toitures terrasses ou des toitures par l'extérieur,75
qualibat,3221D113,Étanchéité en matériaux de synthèse en feuilles,Isolation des toitures terrasses ou des toitures par l'extérieur,14
qualibat,3222D113,Étanchéité en matériaux de synthèse en feuilles,Isolation des toitures terrasses ou des toitures par l'extérieur,43
qualibat,3223D113,Étanchéité en matériaux de synthèse en feuilles,Isolation des toitures terrasses ou des toitures par l'extérieur,10
qualibat,3233D113,Étanchéité en asphaltes coulés,Isolation des toitures terrasses ou des toitures par l'extérieur,3
qualibat,3271D113,Tôle d'acier nervurée (tan) avec étanchéité en membrane en feuilles,Isolation des toitures terrasses ou des toitures par l'extérieur,59
qualibat,3272D113,Tôle d'acier nervurée (tan) avec étanchéité en membrane en feuilles,Isolation des toitures terrasses ou des toitures par l'extérieur,10
qualibat,3421D112,Imperméabilité des façades,Isolation des murs par l'extérieur,48
qualibat,3422D112,Imperméabilité des façades,Isolation des murs par l'extérieur,7
qualibat,3423D112,Imperméabilité des façades,Isolation des murs par l'extérieur,17
qualibat,3424D112,Imperméabilité des façades,Isolation des murs par l'extérieur,8
qualibat,3511D109,"Fourniture et pose de menuiseries extérieures en maison individuelle, petit collectif et petit tertiaire","Fenêtres, volets, portes donnant sur l'extérieur",11350
qualibat,3512D109,Fourniture et pose de menuiseries extérieures dans tout type de bâtiment,"Fenêtres, volets, portes donnant sur l'extérieur",29
qualibat,3521D109,Fabrication et pose de menuiseries extérieures en aluminium,"Fenêtres, volets, portes donnant sur l'extérieur",201
qualibat,3522D109,Fabrication et pose de menuiseries extérieures en aluminium,"Fenêtres, volets, portes donnant sur l'extérieur",44
qualibat,3531D109,Fabrication et pose de menuiseries extérieures en acier,"Fenêtres, volets, portes donnant sur l'extérieur",10
qualibat,3532D109,Fabrication et pose de menuiseries extérieures en acier,"Fenêtres, volets, portes donnant sur l'extérieur",1
qualibat,3541D109,Fabrication et pose de menuiseries extérieures en PVC,"Fenêtres, volets, portes donnant sur l'extérieur",57
qualibat,3542D109,Fabrication et pose de menuiseries extérieures en PVC,"Fenêtres, volets, portes donnant sur l'extérieur",25
qualibat,3551D109,Fabrication et pose de menuiseries extérieures en bois,"Fenêtres, volets, portes donnant sur l'extérieur",89
qualibat,3552D109,Fabrication et pose de menuiseries extérieures en bois,"Fenêtres, volets, portes donnant sur l'extérieur",11
qualibat,3712D109,Fourniture et pose de façades-rideaux métalliques,"Fenêtres, volets, portes donnant sur l'extérieur",3
qualibat,3712D110,Fourniture et pose de façades-rideaux métalliques,Fenêtres de toit,3
qualibat,3721D109,Fabrication et pose de façades-rideaux métalliques,"Fenêtres, volets, portes donnant sur l'extérieur",17
qualibat,3721D110,Fabrication et pose de façades-rideaux métalliques,Fenêtres de toit,17
qualibat,3722D109,Fabrication et pose de façades-rideaux métalliques,"Fenêtres, volets, portes donnant sur l'extérieur",6
qualibat,3722D110,Fabrication et pose de façades-rideaux métalliques,Fenêtres de toit,6
qualibat,3811D112,Parois en bardages simples,Isolation des murs par l'extérieur,343
qualibat,3813D112,Parois en bardages complexes,Isolation des murs par l'extérieur,33
qualibat,4112D111,Plâtrerie,Isolation par l'intérieur des murs ou rampants de toitures  ou plafonds,213
qualibat,4112D114,Plâtrerie,Isolation des combles perdus,207
qualibat,4112D115,Plâtrerie,Isolation des planchers bas,204
qualibat,4113D111,Plâtrerie,Isolation par l'intérieur des murs ou rampants de toitures  ou plafonds,5
qualibat,4113D114,Plâtrerie,Isolation des combles perdus,5
qualibat,4113D115,Plâtrerie,Isolation des planchers bas,5
qualibat,4131D111,Plaques de plâtre,Isolation par l'intérieur des murs ou rampants de toitures  ou plafonds,2993
qualibat,4131D114,Plaques de plâtre,Isolation des combles perdus,2876
qualibat,4131D115,Plaques de plâtre,Isolation des planchers bas,2865
qualibat,4131D8,Plaques de plâtre,Isolation des murs et planchers bas 2020,1
qualibat,4132D111,Plaques de plâtre,Isolation par l'intérieur des murs ou rampants de toitures  ou plafonds,547
qualibat,4132D114,Plaques de plâtre,Isolation des combles perdus,522
qualibat,4132D115,Plaques de plâtre,Isolation des planchers bas,528
qualibat,4133D111,Plaques de plâtre,Isolation par l'intérieur des murs ou rampants de toitures  ou plafonds,6
qualibat,4133D114,Plaques de plâtre,Isolation des combles perdus,5
qualibat,4133D115,Plaques de plâtre,Isolation des planchers bas,5
qualibat,4312D111,Fourniture et pose de menuiserie intérieure en bois,Isolation par l'intérieur des murs ou rampants de toitures  ou plafonds,21
qualibat,4312D115,Fourniture et pose de menuiserie intérieure en bois,Isolation des planchers bas,21
qualibat,4322D111,Fabrication et pose de menuiserie intérieure en bois,Isolation par l'intérieur des murs ou rampants de toitures  ou plafonds,32
qualibat,4322D115,Fabrication et pose de menuiserie intérieure en bois,Isolation des planchers bas,31
qualibat,4323D111,Fabrication et pose de menuiserie intérieure en bois,Isolation par l'intérieur des murs ou rampants de toitures  ou plafonds,15
qualibat,4323D115,Fabrication et pose de menuiserie intérieure en bois,Isolation des planchers bas,15
qualibat,4411D109,Serrurerie-métallerie,"Fenêtres, volets, portes donnant sur l'extérieur",97
qualibat,4411D112,Serrurerie-métallerie,Isolation des murs par l'extérieur,27
qualibat,4411D115,Serrurerie-métallerie,Isolation des planchers bas,27
qualibat,4412D109,Métallerie,"Fenêtres, volets, portes donnant sur l'extérieur",79
qualibat,4412D112,Métallerie,Isolation des murs par l'extérieur,30
qualibat,4412D115,Métallerie,Isolation des planchers bas,29
qualibat,4413D109,Métallerie,"Fenêtres, volets, portes donnant sur l'extérieur",57
qualibat,4413D112,Métallerie,Isolation des murs par l'extérieur,20
qualibat,4413D115,Métallerie,Isolation des planchers bas,16
qualibat,4511D109,"Fourniture et pose volets, stores, portails, rideaux, grilles, portes de garage et portes sectionnelles - résidentiel et tertiaire","Fenêtres, volets, portes donnant sur l'extérieur",515
qualibat,4512D109,"Fourniture et pose volets, stores, portails, rideaux, grilles, portes de garage et portes sectionnelles - collectif - tertiaire et industriel","Fenêtres, volets, portes donnant sur l'extérieur",22
qualibat,4522D109,"Fabrication et pose de persiennes, volets roulants, battants et coulissants, jalousies, brise-soleils orientables - résidentiel et tertiaire","Fenêtres, volets, portes donnant sur l'extérieur",13
qualibat,4532D109,"Fabrication et pose de stores - collectif, résidentiel, tertiaire et industriel","Fenêtres, volets, portes donnant sur l'extérieur",5
qualibat,4711D109,Produits verriers,"Fenêtres, volets, portes donnant sur l'extérieur",151
qualibat,4712D109,Produits verriers,"Fenêtres, volets, portes donnant sur l'extérieur",13
qualibat,5111D101,"Installation de plomberie sanitaire en habitat individuel, collectif et tertiaire inférieur à 1000 m²",Chaudière condensation ou micro-cogénération gaz ou fioul,760
qualibat,5111D107,"Installation de plomberie sanitaire en habitat individuel, collectif et tertiaire inférieur à 1000 m²","Radiateurs électriques, dont régulation.",791
qualibat,5112D101,Installation de plomberie sanitaire pour des bâtiments sans surpresseur supérieurs à 1000 m²,Chaudière condensation ou micro-cogénération gaz ou fioul,330
qualibat,5112D107,Installation de plomberie sanitaire pour des bâtiments sans surpresseur supérieurs à 1000 m²,"Radiateurs électriques, dont régulation.",334
qualibat,5113D101,Installation de plomberie sanitaire dans tout type de bâtiment avec surpresseur ou dans l'industrie,Chaudière condensation ou micro-cogénération gaz ou fioul,127
qualibat,5113D107,Installation de plomberie sanitaire dans tout type de bâtiment avec surpresseur ou dans l'industrie,"Radiateurs électriques, dont régulation.",132
qualibat,5121D107,Installation de réseaux de fluides spéciaux,"Radiateurs électriques, dont régulation.",1
qualibat,5131D102,"Installation de chauffe-eau solaire en habitat individuel, collectif et tertiaire inférieur à 1000 m²",Chauffage et/ou eau chaude solaire,191
qualibat,5132D102,Installation de chauffe-eau solaire dans tout type de bâtiment supérieur à 1000 m²,Chauffage et/ou eau chaude solaire,54
qualibat,5133D106,Installation de chauffe-eau thermodynamique,Chauffe-Eau Thermodynamique,2536
qualibat,5211D101,Remplacement de chaudière gaz/fuel en logement individuel,Chaudière condensation ou micro-cogénération gaz ou fioul,7587
qualibat,5211D107,Remplacement de chaudière gaz/fuel en logement individuel,"Radiateurs électriques, dont régulation.",6632
qualibat,5212D101,"Installation de chauffage avec chaudière gaz/fuel en habitat individuel, collectif et tertiaire inférieur à 1000 m2",Chaudière condensation ou micro-cogénération gaz ou fioul,920
qualibat,5212D107,"Installation de chauffage avec chaudière gaz/fuel en habitat individuel, collectif et tertiaire inférieur à 1000 m2","Radiateurs électriques, dont régulation.",866
qualibat,5213D101,"Installation de chauffage avec chaudière gaz/fuel en habitat individuel, collectif et tertiaire supérieur à 1000 m2",Chaudière condensation ou micro-cogénération gaz ou fioul,587
qualibat,5213D107,"Installation de chauffage avec chaudière gaz/fuel en habitat individuel, collectif et tertiaire supérieur à 1000 m2","Radiateurs électriques, dont régulation.",541
qualibat,5214D101,"Installation de chauffage à gaz décentralisée : aérotherme, radiants, générateur d'air chaud",Chaudière condensation ou micro-cogénération gaz ou fioul,3
qualibat,5214D107,"Installation de chauffage à gaz décentralisée : aérotherme, radiants, générateur d'air chaud","Radiateurs électriques, dont régulation.",3
qualibat,5221D104,Installation d'appareil de chauffage bois indépendant : poêle et insert,Poêle ou insert bois,1103
qualibat,5222D103,"Installation de chauffage avec chaudière bois en habitat individuel, collectif et tertiaire inférieur à 1000 m²",Chaudière bois,714
qualibat,5222D104,"Installation de chauffage avec chaudière bois en habitat individuel, collectif et tertiaire inférieur à 1000 m²",Poêle ou insert bois,714
qualibat,5223D103,"Installation de chauffage avec chaudière bois en habitat individuel, collectif et tertiaire supérieur à 1000 m²",Chaudière bois,29
qualibat,5223D104,"Installation de chauffage avec chaudière bois en habitat individuel, collectif et tertiaire supérieur à 1000 m²",Poêle ou insert bois,29
qualibat,5231D105,"Installation de pompe à chaleur et groupe froid en habitat individuel, collectif et tertiaire inférieur à 1000 m2",Pompe à chaleur : chauffage,2442
qualibat,5231D106,"Installation de pompe à chaleur et groupe froid en habitat individuel, collectif et tertiaire inférieur à 1000 m2",Chauffe-Eau Thermodynamique,2441
qualibat,5232D105,"Installation de pompe à chaleur et groupe froid en habitat individuel, collectif et tertiaire supérieur à 1000 m²",Pompe à chaleur : chauffage,50
qualibat,5232D106,"Installation de pompe à chaleur et groupe froid en habitat individuel, collectif et tertiaire supérieur à 1000 m²",Chauffe-Eau Thermodynamique,50
qualibat,5241D102,Installation de chauffage solaire et ecs,Chauffage et/ou eau chaude solaire,12
qualibat,5261D101,"Entretien et maintenance d'installation de chauffage avec chaudière en habitat individuel, collectif et tertiaire inférieur à 1000 m2",Chaudière condensation ou micro-cogénération gaz ou fioul,322
qualibat,5261D107,"Entretien et maintenance d'installation de chauffage avec chaudière en habitat individuel, collectif et tertiaire inférieur à 1000 m2","Radiateurs électriques, dont régulation.",174
qualibat,5262D101,Maintenance d'installation de chauffage avec chaudière dans tout type de bâtiment supérieur à 1000 m2,Chaudière condensation ou micro-cogénération gaz ou fioul,66
qualibat,5262D107,Maintenance d'installation de chauffage avec chaudière dans tout type de bâtiment supérieur à 1000 m2,"Radiateurs électriques, dont régulation.",6
qualibat,5263D101,"Maintenance d'installation de pompe à chaleur et groupe froid en habitat individuel, collectif et tertiaire inférieur à 1000 m2",Chaudière condensation ou micro-cogénération gaz ou fioul,3
qualibat,5263D107,"Maintenance d'installation de pompe à chaleur et groupe froid en habitat individuel, collectif et tertiaire inférieur à 1000 m2","Radiateurs électriques, dont régulation.",3
qualibat,5272D107,Exploitation d'installation de chauffage et de rafraichissement avec obligation de résultat dans tout type de bâtiment ou industrie supérieur à 1000 m2,"Radiateurs électriques, dont régulation.",2
qualibat,5273D101,"Exploitation d'installation de chauffage et de rafraichissement avec garantie totale en habitat individuel, collectif et tertiaire inférieur à 1000 m2",Chaudière condensation ou micro-cogénération gaz ou fioul,1
qualibat,5274D101,Exploitation d'installation de chauffage et de rafraichissement avec garantie totale dans tout type de bâtiment supérieur à 1000 m2,Chaudière condensation ou micro-cogénération gaz ou fioul,43
qualibat,5274D107,Exploitation d'installation de chauffage et de rafraichissement avec garantie totale dans tout type de bâtiment supérieur à 1000 m2,"Radiateurs électriques, dont régulation.",4
qualibat,5311D108,"Installation de vmc en habitat individuel, collectif et tertiaire inférieur à 1000 m2",Ventilation mécanique,602
qualibat,5312D108,"Installation de vmc en habitat individuel, collectif et tertiaire supérieur à 1000 m2",Ventilation mécanique,706
qualibat,5333D108,Maintenance des réseaux aérauliques,Ventilation mécanique,2
qualibat,5511D107,Installation de systèmes de gestion technique du bâtiment (gtb),"Radiateurs électriques, dont régulation.",22
qualibat,5911D118,Installations photovoltaïques de puissance inférieure à 250 kWc,Panneaux solaires photovoltaïques,155
qualibat,6111D111,Peinture et ravalement,Isolation par l'intérieur des murs ou rampants de toitures  ou plafonds,346
qualibat,6111D112,Peinture et ravalement,Isolation des murs par l'extérieur,353
qualibat,6111D115,Peinture et ravalement,Isolation des planchers bas,336
qualibat,6112D111,Peinture et ravalement,Isolation par l'intérieur des murs ou rampants de toitures  ou plafonds,141
qualibat,6112D112,Peinture et ravalement,Isolation des murs par l'extérieur,148
qualibat,6112D115,Peinture et ravalement,Isolation des planchers bas,139
qualibat,6121D112,Ravalement en peinture,Isolation des murs par l'extérieur,61
qualibat,6121D115,Ravalement en peinture,Isolation des planchers bas,56
qualibat,6261D115,Chapes,Isolation des planchers bas,33
qualibat,6262D115,Chapes fluides,Isolation des planchers bas,7
qualibat,6311D111,Carrelages - revêtements,Isolation par l'intérieur des murs ou rampants de toitures  ou plafonds,100
qualibat,6311D115,Carrelages - revêtements,Isolation des planchers bas,103
qualibat,6312D111,Carrelages - revêtements - mosaïques,Isolation par l'intérieur des murs ou rampants de toitures  ou plafonds,40
qualibat,6312D115,Carrelages - revêtements - mosaïques,Isolation des planchers bas,44
qualibat,6313D111,Carrelages - revêtements - mosaïques - marbrerie,Isolation par l'intérieur des murs ou rampants de toitures  ou plafonds,1
qualibat,6313D112,Carrelages - revêtements - mosaïques - marbrerie,Isolation des murs par l'extérieur,1
qualibat,6313D115,Carrelages - revêtements - mosaïques - marbrerie,Isolation des planchers bas,1
qualibat,6611D115,Fourniture et pose de plafonds suspendus modulaires,Isolation des planchers bas,120
qualibat,6612D115,Fourniture et pose de plafonds suspendus modulaires,Isolation des planchers bas,15
qualibat,7121D111,Isolation thermique et acoustique par soufflage,Isolation par l'intérieur des murs ou rampants de toitures  ou plafonds,1684
qualibat,7121D114,Isolation thermique et acoustique par soufflage,Isolation des combles perdus,1721
qualibat,7121D115,Isolation thermique et acoustique par soufflage,,3
qualibat,7122D111,Isolation thermique par l'intérieur,Isolation par l'intérieur des murs ou rampants de toitures  ou plafonds,5612
qualibat,7122D114,Isolation thermique par l'intérieur,Isolation des combles perdus,5368
qualibat,7122D115,Isolation thermique par l'intérieur,Isolation des planchers bas,5102
qualibat,7122D7,Isolation thermique par l'intérieur,Isolation du toit 2020,3
qualibat,7122D8,Isolation thermique par l'intérieur,Isolation des murs et planchers bas 2020,1
qualibat,7131D112,Isolation thermique par l'extérieur,Isolation des murs par l'extérieur,3130
qualibat,7131D115,Isolation thermique par l'extérieur,Isolation des planchers bas,2888
qualibat,7132D112,Isolation thermique par l'extérieur,Isolation des murs par l'extérieur,225
qualibat,7132D115,Isolation thermique par l'extérieur,Isolation des planchers bas,199
qualibat,7133D112,Isolation thermique par l'extérieur,Isolation des murs par l'extérieur,19
qualibat,7133D115,Isolation thermique par l'extérieur,Isolation des planchers bas,15
qualibat,7142D111,Isolation thermique - correction acoustique par projection - injection,Isolation par l'intérieur des murs ou rampants de toitures  ou plafonds,175
qualibat,7142D112,Isolation thermique - correction acoustique par projection - injection,Isolation des toitures terrasses ou des toitures par l'extérieur,156
qualibat,7142D114,Isolation thermique - correction acoustique par projection - injection,Isolation des combles perdus,138
qualibat,7142D115,Isolation thermique - correction acoustique par projection - injection,Isolation des planchers bas,162
qualibat,7142D7,Isolation thermique - correction acoustique par projection - injection,Isolation du toit 2020,2
qualibat,7143D112,Sécurité passive contre l'incendie,Isolation des murs par l'extérieur,1
qualibat,7143D115,Sécurité passive contre l'incendie,Isolation des planchers bas,1
qualibat,7212D111,Isolation et traitement acoustique,Isolation par l'intérieur des murs ou rampants de toitures  ou plafonds,32
qualibat,7212D112,Isolation et traitement acoustique,Isolation des murs par l'extérieur,27
qualibat,7212D114,Isolation et traitement acoustique,Isolation des combles perdus,29
qualibat,7212D115,Isolation et traitement acoustique,Isolation des planchers bas,28
qualibat,8611M10D109,"Efficacité énergétique - ""ECO Artisan®"" - Menuisier","Fenêtres, volets, portes donnant sur l'extérieur",3706
qualibat,8611M11D101,"Efficacité énergétique - ""ECO Artisan®"" - Plombier",Chaudière condensation ou micro-cogénération gaz ou fioul,1685
qualibat,8611M11D107,"Efficacité énergétique - ""ECO Artisan®"" - Plombier","Radiateurs électriques, dont régulation.",1297
qualibat,8611M11D108,"Efficacité énergétique - ""ECO Artisan®"" - Plombier",Ventilation mécanique,597
qualibat,8611M12D101,"Efficacité énergétique - ""ECO Artisan®"" - Chauffagiste",Chaudière condensation ou micro-cogénération gaz ou fioul,2332
qualibat,8611M12D107,"Efficacité énergétique - ""ECO Artisan®"" - Chauffagiste","Radiateurs électriques, dont régulation.",1604
qualibat,8611M12D108,"Efficacité énergétique - ""ECO Artisan®"" - Chauffagiste",Ventilation mécanique,713
qualibat,8611M13D107,"Efficacité énergétique - ""ECO Artisan®"" - Électricien","Radiateurs électriques, dont régulation.",533
qualibat,8611M13D108,"Efficacité énergétique - ""ECO Artisan®"" - Électricien",Ventilation mécanique,389
qualibat,8611M1D111,"Efficacité énergétique - ""ECO Artisan®"" - Maçon",Isolation par l'intérieur des murs ou rampants de toitures  ou plafonds,774
qualibat,8611M1D112,"Efficacité énergétique - ""ECO Artisan®"" - Maçon",Isolation des murs par l'extérieur,766
qualibat,8611M1D115,"Efficacité énergétique - ""ECO Artisan®"" - Maçon",Isolation des planchers bas,755
qualibat,8611M2D112,"Efficacité énergétique - ""ECO Artisan®"" - Tailleur de pierres",Isolation des murs par l'extérieur,56
qualibat,8611M3D109,"Efficacité énergétique - ""ECO Artisan®"" - Charpentier","Fenêtres, volets, portes donnant sur l'extérieur",772
qualibat,8611M3D110,"Efficacité énergétique - ""ECO Artisan®"" - Charpentier",Fenêtres de toit,769
qualibat,8611M3D111,"Efficacité énergétique - ""ECO Artisan®"" - Charpentier",Isolation par l'intérieur des murs ou rampants de toitures  ou plafonds,1664
qualibat,8611M3D112,"Efficacité énergétique - ""ECO Artisan®"" - Charpentier",Isolation des murs par l'extérieur,1305
qualibat,8611M3D113,"Efficacité énergétique - ""ECO Artisan®"" - Charpentier",Isolation des toitures terrasses ou des toitures par l'extérieur,1467
qualibat,8611M3D114,"Efficacité énergétique - ""ECO Artisan®"" - Charpentier",Isolation des combles perdus,1477
qualibat,8611M3D115,"Efficacité énergétique - ""ECO Artisan®"" - Charpentier",Isolation des planchers bas,1231
qualibat,8611M4D111,"Efficacité énergétique - ""ECO Artisan®"" - Plâtrier / Plaquiste",Isolation par l'intérieur des murs ou rampants de toitures  ou plafonds,3195
qualibat,8611M4D114,"Efficacité énergétique - ""ECO Artisan®"" - Plâtrier / Plaquiste",Isolation des combles perdus,2919
qualibat,8611M4D115,"Efficacité énergétique - ""ECO Artisan®"" - Plâtrier / Plaquiste",Isolation des planchers bas,2673
qualibat,8611M5D109,"Efficacité énergétique - ""ECO Artisan®"" - Serrurier métallier","Fenêtres, volets, portes donnant sur l'extérieur",258
qualibat,8611M5D112,"Efficacité énergétique - ""ECO Artisan®"" - Serrurier métallier",Isolation des murs par l'extérieur,105
qualibat,8611M6D111,"Efficacité énergétique - ""ECO Artisan®"" - Carreleur",Isolation par l'intérieur des murs ou rampants de toitures  ou plafonds,401
qualibat,8611M6D115,"Efficacité énergétique - ""ECO Artisan®"" - Carreleur",Isolation des planchers bas,393
qualibat,8611M7D111,"Efficacité énergétique - ""ECO Artisan®"" - Peintre",Isolation par l'intérieur des murs ou rampants de toitures  ou plafonds,488
qualibat,8611M7D112,"Efficacité énergétique - ""ECO Artisan®"" - Peintre",Isolation des murs par l'extérieur,484
qualibat,8611M8D110,"Efficacité énergétique - ""ECO Artisan®"" - Couvreur",Fenêtres de toit,1252
qualibat,8611M8D111,"Efficacité énergétique - ""ECO Artisan®"" - Couvreur",Isolation par l'intérieur des murs ou rampants de toitures  ou plafonds,1570
qualibat,8611M8D112,"Efficacité énergétique - ""ECO Artisan®"" - Couvreur",Isolation des murs par l'extérieur,516
qualibat,8611M8D113,"Efficacité énergétique - ""ECO Artisan®"" - Couvreur",Isolation des toitures terrasses ou des toitures par l'extérieur,1524
qualibat,8611M8D114,"Efficacité énergétique - ""ECO Artisan®"" - Couvreur",Isolation des combles perdus,1532
qualibat,8611M9D111,"Efficacité énergétique - ""ECO Artisan®"" - Agenceur",Isolation par l'intérieur des murs ou rampants de toitures  ou plafonds,467
qualibat,8611M9D113,"Efficacité énergétique - ""ECO Artisan®"" - Agenceur",Isolation des toitures terrasses ou des toitures par l'extérieur,469
qualibat,8611M9D114,"Efficacité énergétique - ""ECO Artisan®"" - Agenceur",Isolation des combles perdus,456
qualibat,8621T14D101,"Efficacité énergétique - ""Les pros de la performance énergétique®"" - Chauffage, ventilation, climatisation",Chaudière condensation ou micro-cogénération gaz ou fioul,352
qualibat,8621T14D107,"Efficacité énergétique - ""Les pros de la performance énergétique®"" - Chauffage, ventilation, climatisation","Radiateurs électriques, dont régulation.",271
qualibat,8621T14D108,"Efficacité énergétique - ""Les pros de la performance énergétique®"" - Chauffage, ventilation, climatisation",Ventilation mécanique,239
qualibat,8621T15D102,"Efficacité énergétique - ""Les pros de la performance énergétique®"" - Énergie renouvelables",Chauffage et/ou eau chaude solaire,2
qualibat,8621T15D103,"Efficacité énergétique - ""Les pros de la performance énergétique®"" - Énergie renouvelables",Chaudière bois,9
qualibat,8621T15D104,"Efficacité énergétique - ""Les pros de la performance énergétique®"" - Énergie renouvelables",Poêle ou insert bois,9
qualibat,8621T15D105,"Efficacité énergétique - ""Les pros de la performance énergétique®"" - Énergie renouvelables",Pompe à chaleur : chauffage,17
qualibat,8621T15D106,"Efficacité énergétique - ""Les pros de la performance énergétique®"" - Énergie renouvelables",Chauffe-Eau Thermodynamique,17
qualibat,8621T16D111,"Efficacité énergétique - ""Les pros de la performance énergétique®"" - Isolations parois verticales opaques et planchers bas",Isolation par l'intérieur des murs ou rampants de toitures  ou plafonds,1021
qualibat,8621T16D112,"Efficacité énergétique - ""Les pros de la performance énergétique®"" - Isolations parois verticales opaques et planchers bas",Isolation des murs par l'extérieur,1008
qualibat,8621T16D115,"Efficacité énergétique - ""Les pros de la performance énergétique®"" - Isolations parois verticales opaques et planchers bas",Isolation des planchers bas,977
qualibat,8621T17D110,"Efficacité énergétique - ""Les pros de la performance énergétique®"" - Isolation toitures dont toitures terrassés et planchers hauts",Fenêtres de toit,1059
qualibat,8621T17D111,"Efficacité énergétique - ""Les pros de la performance énergétique®"" - Isolation toitures dont toitures terrassés et planchers hauts",Isolation par l'intérieur des murs ou rampants de toitures  ou plafonds,1051
qualibat,8621T17D113,"Efficacité énergétique - ""Les pros de la performance énergétique®"" - Isolation toitures dont toitures terrassés et planchers hauts",Isolation des toitures terrasses ou des toitures par l'extérieur,1013
qualibat,8621T17D114,"Efficacité énergétique - ""Les pros de la performance énergétique®"" - Isolation toitures dont toitures terrassés et planchers hauts",Isolation des combles perdus,1040
qualibat,8621T18D109,"Efficacité énergétique - ""Les pros de la performance énergétique®"" - Ouvrants, fermetures, protections solaires","Fenêtres, volets, portes donnant sur l'extérieur",764
qualibat,8621T18D110,"Efficacité énergétique - ""Les pros de la performance énergétique®"" - Ouvrants, fermetures, protections solaires",Fenêtres de toit,757
qualibat,8632D117,"Efficacité énergétique - ""offre globale""",Projet complet de rénovation,70
qualibat,8633D117,"Efficacité énergétique - ""offre globale""",Projet complet de rénovation,1
qualibat,8731,Réalisation d'audit énergétique en maison individuelle,Audit énergétique,12
qualibat,9112D111,Agencement,Isolation par l'intérieur des murs ou rampants de toitures  ou plafonds,28
qualibat,9112D114,Agencement,Isolation des combles perdus,25
qualibat,9112D115,Agencement,Isolation des planchers bas,26
qualibat,9113D111,Agencement,Isolation par l'intérieur des murs ou rampants de toitures  ou plafonds,1
qualibat,9113D114,Agencement,Isolation des combles perdus,1
qualibat,9113D115,Agencement,Isolation des planchers bas,1
qualibat,9141D109,Fourniture et pose de vérandas à structure aluminium,"Fenêtres, volets, portes donnant sur l'extérieur",6
qualibat,9142D109,Fabrication et pose de vérandas à structure aluminium,"Fenêtres, volets, portes donnant sur l'extérieur",24
qualibat,9143D109,Vérandas tous matériaux (hors aluminium),"Fenêtres, volets, portes donnant sur l'extérieur",2
qualibat,9161D114,Transformation et aménagement de combles,Isolation des combles perdus,10
qualifelec,43SPVRGE,Panneaux Solaires Photovoltaïques,Panneaux solaires photovoltaïques,209
qualifelec,44LCPTRGE,"Equipements électriques hors ENR : chauffage, eau chaude, éclairage","Equipements électriques hors ENR : chauffage, eau chaude, éclairage 2020",28
qualifelec,44LCPTRGEr,"Radiateurs électriques, dont régulation","Radiateurs électriques, dont régulation.",407
qualifelec,44LCPTRGEv,Ventilation Mécanique,Ventilation mécanique,230
qualifelec,45MGTIRGE,"Equipements électriques hors ENR : chauffage, eau chaude, éclairage","Equipements électriques hors ENR : chauffage, eau chaude, éclairage 2020",1
qualifelec,45MGTIRGEr,"Radiateurs électriques, dont régulation","Radiateurs électriques, dont régulation.",54
qualifelec,45MGTIRGEv,Ventilation Mécanique,Ventilation mécanique,7
qualifelec,46CHERGE,"Radiateurs électriques, dont régulation","Radiateurs électriques, dont régulation.",25
qualifelec,47VENRGE,Ventilation Mécanique,Ventilation mécanique,22
qualifelec,48PACRGE,Pompe à chaleur : Chauffage,Pompe à chaleur : chauffage,108
qualifelec,48PACRGEc,Chauffe-eau thermodynamique,Chauffe-Eau Thermodynamique,105
qualifelec,49CETRGE,Chauffe-eau thermodynamique,Chauffe-Eau Thermodynamique,39
qualitenr,11,Qualisol - Pose de chauffe-eau solaire individuel (eau chaude solaire),Chauffage et/ou eau chaude solaire,1494
qualitenr,12,Qualisol Combi - Pose de système solaire combiné (eau chaude et chauffage solaire),Chauffage et/ou eau chaude solaire,356
qualitenr,13,Qualisol Collectif - Pose de système de production d'eau chaude sanitaire à partir de capteur solaire thermique,Chauffage et/ou eau chaude solaire,13
qualitenr,21,Qualibois module Air - Pose d'appareil de chauffage au bois indépendant (poêle et insert),Poêle ou insert bois,4255
qualitenr,22,Qualibois module Eau - Pose d'appareil de chauffage au bois hydraulique (chaudière bois et poêle),Chaudière bois,3829
qualitenr,31,QualiPV Bat - Pose de générateur photovoltaïque raccordé au réseau,Panneaux photovoltaïques 2020,364
qualitenr,32,QualiPV Elec - Pose de générateur photovoltaïque raccordé au réseau,Panneaux solaires photovoltaïques,1017
qualitenr,33,QualiPV 0-250kWc - Pose de générateur photovoltaïque raccordé au réseau,Panneaux solaires photovoltaïques,108
qualitenr,41,QualiPAC Chauffage - Pose de pompe à chaleur (PAC aérothermique ou géothermique et chauffe-eau thermodynamique),Pompe à chaleur : chauffage,8927
qualitenr,42,QualiPAC CET - Pose de chauffe-eau thermodynamique,Chauffe-Eau Thermodynamique,409
qualitenr,51,Qualiforage module Sonde - Forage de sondes géothermiques verticales pour des systèmes géothermiques de très basse énergie,Forage géothermique,37
qualitenr,52,Qualiforage module Nappe - Forage d'eau pour des systèmes géothermiques de très basse énergie,Forage géothermique,31
qualitenr,61,Chauffage + - Pose de chaudières à condensation et micro-cogénération,Chaudière condensation ou micro-cogénération gaz ou fioul,2681
